BoroCT2020,p-value,chi2_statistic,critical_chi2_value
1000700,0.0,inf,11.10469370284313
1000800,0.0,inf,11.122716684448196
1000900,0.0,inf,11.024553873333296
1001001,0.0,inf,11.092696409861961
1001200,0.0,inf,11.068318084320023
1001401,0.0,inf,11.092459893722314
1001402,0.0,inf,11.048631937913807
1001501,0.0,inf,11.042021285403454
1001502,0.0,inf,11.09920840745422
1001600,0.0,inf,10.99017306744176
1001800,0.0,inf,11.023495183508176
1002100,0.0,inf,11.072266502474445
1002202,0.0,inf,11.084442685001507
1002500,0.0,inf,11.106198056456732
1002601,0.0,inf,11.02818979833376
1002602,0.0,inf,11.012765169796818
1002902,0.02237715727458263,13.10914415372556,11.114917147522386
1003001,0.0,inf,11.039598173218115
1003002,0.0,inf,11.004027822735265
1003100,0.0,inf,11.094640342321267
1003200,0.0,inf,11.090904070667253
1003300,0.0,inf,11.124017289426789
1003400,0.0,inf,11.008390495255039
1003601,0.0,inf,11.141811506558101
1003602,0.0,inf,11.081909713667253
1003800,0.0,inf,11.078790442713908
1004001,0.0,inf,11.020371771760082
1004002,0.0,inf,11.034267724687147
1004100,0.0,inf,11.080208789370623
1004200,0.0,inf,11.099877024737632
1004300,0.0,inf,11.068819509946778
1004400,0.0,inf,11.05016749587035
1004700,0.0,inf,11.07373218726069
1004800,0.0,inf,11.074232533853545
1004900,0.0,inf,11.003253113341849
1005000,0.0,inf,11.02159022613668
1005200,0.0,inf,11.053980965456093
1005400,0.0,inf,11.130133664728097
1005501,0.0,inf,11.034253065061076
1005502,0.0,inf,11.080300867306454
1005600,0.0,inf,11.037948475317611
1005800,0.0,inf,11.034172387187345
1005900,0.0,inf,11.055510374796674
1006100,0.0,inf,11.034488217020112
1006200,0.0,inf,11.098292720770482
1006300,0.0,inf,11.013931192730364
1006400,0.0,inf,11.071011722575529
1006500,0.0,inf,11.120185678422095
1006600,0.0,inf,11.052554087716704
1006700,0.0,inf,11.094499454865085
1006800,0.0,inf,11.12729006843609
1007002,0.0,inf,10.990644355850879
1007100,0.0,inf,11.081667591334359
1007200,0.0,inf,11.051016111916113
1007300,0.0,inf,11.032186929571957
1007400,0.0,inf,11.105601162811949
1007500,0.0,inf,11.083036348507205
1007600,0.0,inf,11.067113800293491
1007700,0.0,inf,11.080036428834466
1007800,0.0,inf,11.074101813825628
1007900,0.0,inf,11.082700543770136
1008000,0.0,inf,11.032376765005015
1008100,0.0,inf,11.113953866587615
1008200,0.0,inf,11.058171451652466
1008300,0.0,inf,11.0630055283373
1008700,0.0,inf,11.063416338038586
1008800,0.0,inf,11.0566899414155
1008900,0.0,inf,11.032161235572682
1009000,0.0,inf,11.140290998885732
1009100,0.0,inf,11.05473867661794
1009200,0.0,inf,11.065222925374435
1009300,0.0,inf,11.035651324280403
1009500,0.0,inf,11.096047619328095
1009700,0.0,inf,11.06679577372133
1009800,0.0,inf,11.065315255912047
1009902,0.0,inf,11.071980731124775
1009903,0.0,inf,11.038264425517108
1010000,0.0,inf,11.041914508411459
1010400,0.0,inf,11.028729390037784
1010601,0.0,inf,11.021372773345803
1010602,0.0,inf,11.016370627006204
1010803,0.0,inf,11.127406561686255
1010900,0.0,inf,11.080495622445635
1011000,0.0,inf,11.046174399079224
1011100,0.0,inf,11.070225820973143
1011202,0.001310486519389343,19.890094158053945,11.091684985440015
1011402,0.0,inf,11.126921821710166
1011500,0.0,inf,11.04307066104317
1011600,0.0,inf,11.106577112141201
1011700,0.0,inf,11.11511737448402
1011800,0.0,inf,11.055679635578734
1012000,0.0,inf,11.054893007519738
1012101,0.0,inf,11.113920842722735
1012102,0.0,inf,11.074135426515348
1012200,0.0,inf,11.08493216063168
1012400,0.0,inf,11.006947941140725
1012500,0.0,inf,11.098310474385832
1012601,0.0,inf,11.052047916840795
1012602,0.0,inf,11.107902385778994
1012700,0.0,inf,11.201174017131864
1012901,0.0,inf,11.044225389711686
1012902,0.0,inf,11.056830907040117
1013000,0.0,inf,11.136977488550816
1013100,0.0,inf,11.079529964706882
1013201,0.0,inf,11.068481371238592
1013202,0.0,inf,11.072359099330226
1013300,0.0,inf,11.082670512950436
1013400,0.0,inf,11.089601751883547
1013501,0.0,inf,11.091386353376908
1013502,0.0,inf,11.0538733999819
1013602,0.0,inf,11.11565588637536
1013604,0.0,inf,11.036844036243343
1013700,0.0,inf,11.09615019458724
1013800,0.0,inf,11.108723569650925
1013900,0.0,inf,11.050359280564429
1014000,0.0,inf,11.033472311498263
1014402,0.0,inf,11.044022709411898
1014500,0.0,inf,11.085988410313949
1014601,0.0,inf,11.08686469359264
1014700,0.0,inf,11.118132216507636
1014801,0.0,inf,11.07789032066346
1014802,0.0,inf,11.07141475987975
1014900,0.0,inf,11.065399562393981
1015002,0.0,inf,11.00662902684808
1015101,0.0,inf,11.083103006527537
1015200,0.0,inf,11.052263766941616
1015302,0.0,inf,11.01435807568803
1015401,0.0,inf,11.05208030534682
1015501,0.0,inf,11.082049314475363
1015502,0.0,inf,11.056355370191364
1015700,0.0,inf,11.02214228120928
1015802,0.0,inf,11.100423403930574
1015900,0.0,inf,11.107017722523217
1016001,0.0,inf,11.026230922722275
1016300,0.0,inf,11.061478261251603
1016400,0.0,inf,11.101510509500041
1016500,0.0,inf,11.086436681993883
1016700,0.0,inf,11.046065124301485
1016900,0.0,inf,11.109056642040764
1017000,0.0,inf,11.14323074861189
1017100,0.0,inf,11.041009860635729
1017300,0.0,inf,11.059057711893956
1017500,0.0,inf,11.09524898090681
1017700,0.0,inf,11.070902971641985
1017900,0.0,inf,11.139662746472704
1018100,0.0,inf,11.049900576921788
1018300,0.0,inf,11.101222267243507
1018500,0.0,inf,11.07176247095477
1018700,0.0,inf,11.009763349934357
1018800,0.0,inf,11.097392181772847
1019000,0.0,inf,11.119425341158266
1019100,0.0,inf,11.027465574101297
1019600,0.0,inf,11.018626448684918
1019800,0.0,inf,11.073569088398834
1019900,0.0,inf,11.037471765968364
1020000,0.0,inf,11.075842695986031
1020101,1.6300743149536635e-34,168.36363636363637,11.028667285714826
1020102,0.0,inf,11.106312021576413
1020500,0.0,inf,11.079611002490305
1020600,0.0,inf,11.099633413124597
1020701,0.0,inf,11.072470121327877
1020901,0.0,inf,11.107728169455603
1021000,0.0,inf,11.008094056015535
1021200,0.0,inf,11.070395880692061
1021400,0.0,inf,11.046191781317406
1021500,0.0,inf,11.034239039510622
1021600,0.0,inf,11.069939876854232
1021800,0.0,inf,11.016505945232014
1022000,0.0,inf,11.039015790249536
1022102,0.0,inf,11.064747218161317
1022200,0.0,inf,11.055163733118837
1022500,0.0,inf,11.051239199950658
1022600,0.0,inf,11.041224344201668
1022700,0.0,inf,11.043383172064647
1022800,0.0,inf,11.075552522343415
1023400,0.0,inf,11.1411794322228
1023501,0.0,inf,11.043962307832226
1023502,0.0,inf,11.065848189870232
1023600,0.0,inf,11.110147738891635
1024100,0.0,inf,11.064684166346266
1024200,0.0,inf,11.033634817699802
1025700,0.0,inf,11.069197829143315
1025900,0.0,inf,11.105120325151287
1026700,0.0,inf,10.998674762168807
1029300,0.0,inf,11.086015742688039
1030700,0.0,inf,11.113174755020264
1031704,0.0,inf,10.99949693296592
2000200,0.0,inf,11.043287629914783
2002800,0.0,inf,11.035695308168691
2003100,0.0,inf,11.0687379097528
2003900,0.0,inf,11.031647350079913
2006100,0.0,inf,11.067823663551843
2007100,0.0,inf,11.034410511850513
2007600,0.0,inf,11.064249226979856
2008400,0.03753121569671404,11.806930693069308,11.077402889837835
2008600,0.0,inf,11.113409626172517
2009000,0.0,inf,11.092285377047936
2011800,0.0,inf,11.17050879086897
2013100,0.0,inf,11.080370712992686
2013800,0.0,inf,11.067074136370403
2015800,0.02601008371267098,12.733333333333336,11.057963985418434
2016000,0.0,inf,11.123152799588777
2016700,0.0,inf,11.10537684767409
2017300,0.0,inf,11.018091378808167
2018501,0.0,inf,11.071780451935398
2019900,0.0,inf,11.076483639279255
2021200,0.0,inf,11.13104937965968
2021602,0.0,inf,11.071831876877155
2022800,0.0,inf,11.045668519025138
2024400,0.0,inf,11.084907691467262
2024800,0.0,inf,11.081637246693605
2025500,0.0,inf,10.997092885731671
2026100,0.0,inf,11.06532889295906
2026601,0.0,inf,11.106458895018326
2026702,0.0,inf,11.095360746992059
2028500,0.0,inf,11.090690107019599
2028800,0.0,inf,11.125840196197245
2029302,0.0,inf,11.098934103251363
2029500,0.0,inf,11.061888883829463
2029600,0.0,inf,11.1308958407113
2029700,0.0,inf,11.04967684569181
2030000,0.0,inf,11.0749719663855
2030201,0.0,inf,11.063922728897118
2032400,0.0,inf,11.043688821406448
2033500,0.0,inf,11.022128109723777
2033700,0.0,inf,11.05785283398261
2034500,0.0,inf,11.02242739254108
2035000,0.0,inf,11.069269569036889
2035100,0.0,inf,11.097425375911989
2035600,0.0,inf,11.0847857428546
2035800,0.0,inf,11.078510978668648
2036000,0.0,inf,11.05452006022276
2036400,0.0,inf,11.038003771543655
2036502,0.0,inf,11.100272182063163
2036700,0.0,inf,11.14354976131908
2036800,0.0,inf,10.989698127568541
2036902,0.0,inf,11.080333984353128
2037000,0.0,inf,11.066431049165837
2037200,0.0,inf,11.076209691080242
2037400,0.0,inf,11.026935112315089
2037800,0.0,inf,11.112606723965943
2038000,0.0,inf,11.101160088250689
2038200,0.0,inf,11.079881683258707
2038600,0.0,inf,11.094378748755114
2038800,0.0,inf,11.051782227024587
2039000,0.0,inf,11.040378641652454
2039200,0.0,inf,11.093569898186603
2039600,0.0,inf,11.023106008080749
2039700,0.0,inf,11.116644939583004
2039800,0.0,inf,11.11382087845157
2040400,0.0,inf,11.10564920076696
2040600,0.0,inf,11.108028602831675
2040800,0.0,inf,11.001070108852486
2040900,0.0,inf,11.022597528748076
2041100,0.0,inf,11.033473379320274
2041300,0.0,inf,11.03441808284792
2041800,0.0,inf,11.05900931700192
2042200,0.0,inf,11.051334991577498
2042400,0.0,inf,11.070117657956756
2042600,0.0,inf,11.094223532373167
2042800,0.0,inf,11.038512452886211
2043000,0.0,inf,11.048860482615328
2043400,0.0,inf,11.107591574081969
2043600,0.0,inf,11.070368558507768
2044200,0.0,inf,11.061356763336745
2044400,0.0,inf,11.083357410348084
2044800,0.0,inf,11.01983242630018
2044902,0.0,inf,11.037708542387028
2045600,0.0,inf,11.039848448936274
2045800,0.0,inf,11.07799170238785
2046000,0.0,inf,11.068182796406658
2046204,0.0,inf,11.004243911333718
2046205,0.0,inf,11.036913377532072
2046207,0.0,inf,11.03365778993077
2046208,0.0,inf,11.086669141987402
2046209,0.0,inf,11.131482075069428
2048401,0.0,inf,11.07208913959523
2051601,0.0,inf,11.10320742150037
3000100,0.0,inf,11.053681004654846
3000501,0.0,inf,11.048176240912678
3000900,0.0,inf,11.077140052988986
3001300,0.0,inf,11.071641158728943
3001501,0.0,inf,11.100458047899854
3001502,0.0,inf,11.112496141209586
3001801,0.0,inf,11.082416836812833
3002100,0.0,inf,11.040678487957342
3002300,0.0,inf,11.096021724497234
3002901,0.0,inf,11.074907486880194
3003000,0.0,inf,11.04447831671063
3003101,0.0,inf,11.05846437333499
3003300,0.0,inf,11.091789449140892
3003400,0.0,inf,11.08000849061905
3003500,0.0,inf,11.054470787142176
3003700,0.0,inf,11.06509659886404
3003900,0.0,inf,11.044893340723645
3004100,0.0,inf,11.091855834815199
3004300,0.0,inf,11.05841664909601
3004400,0.0,inf,11.100361314160521
3005100,0.0,inf,10.959599817791485
3005201,0.0,inf,11.0830950767537
3005301,0.0,inf,11.025298813656224
3005400,0.0,inf,11.040396146705799
3005601,0.0,inf,11.061982361692694
3005602,0.0,inf,11.068893459470484
3005800,0.0,inf,11.109786053525147
3006000,0.0,inf,11.036098611836492
3006200,0.0,inf,11.001921635642253
3006300,0.0,inf,11.07969865028287
3006500,0.0,inf,11.039877206492452
3006600,0.0,inf,11.053754116962834
3006700,0.0,inf,11.07953263782714
3006800,0.0,inf,11.048456537123121
3006901,0.0,inf,11.045101754805815
3006902,0.0,inf,11.108469420368255
3007000,0.0,inf,11.015789592121477
3007100,0.0,inf,11.00668633072082
3007400,0.0,inf,11.086674550498259
3007500,0.0,inf,11.041687960465964
3007700,0.0,inf,11.087175529892834
3007800,0.0,inf,11.121744901281382
3008000,0.0,inf,11.0247837757363
3008500,0.0,inf,11.066089257228917
3009401,5.668269409303064e-188,880.0,11.060056386682923
3010200,0.0,inf,11.02470160522033
3010402,0.0008503740490326754,20.888313016923274,11.059936049158207
3010601,0.0,inf,11.038107964431408
3010602,0.0,inf,11.057436955394882
3010801,0.0,inf,11.075792142531622
3010802,0.0,inf,11.036282720108947
3011400,0.0,inf,11.050990583740461
3011600,3.7134743158138427e-76,362.41509433962267,11.006740169624665
3011700,0.0,inf,11.048239148746328
3011800,0.023857847460587302,12.949372759856631,11.107646982853183
3012000,0.0006946956509745761,21.35276861019435,11.036592064517281
3012100,0.0,inf,11.103263857370965
3012700,0.0,inf,11.10216799295199
3012901,0.0,inf,11.08251381799388
3012902,0.0,inf,11.098900283433286
3013100,0.0,inf,11.065942540389257
3013300,0.0,inf,11.115868155375635
3013400,0.0,inf,11.047969980232873
3013500,0.0,inf,11.143461491485958
3013700,0.0,inf,11.05617771035875
3013800,0.0,inf,11.066215647856732
3013900,0.0,inf,11.073425160621053
3014200,0.0,inf,11.110353855483586
3014300,0.0,inf,11.062591049052442
3014902,0.0,inf,11.056149749340397
3015200,0.0,inf,11.123603051777671
3015900,0.0,inf,11.091565545278486
3016000,0.0,inf,11.154521552332112
3016100,0.0,inf,11.079135349651866
3016200,0.0,inf,10.990042540924177
3016300,0.0,inf,11.05731695155592
3016900,0.0,inf,11.052335933983896
3017100,0.0,inf,11.12664866769733
3017200,0.0,inf,11.094648564274493
3017600,0.0,inf,11.011966373669763
3018300,0.0,inf,11.063937166270502
3018501,0.0,inf,11.036456658078846
3019000,0.0,inf,11.044648215821455
3019100,0.0,inf,11.109776571591663
3019300,0.0,inf,11.090293953450816
3019600,0.0,inf,11.081674154717128
3020100,0.0,inf,11.074733163525996
3020400,0.0,inf,11.055950464783939
3020600,0.0,inf,11.012082511949105
3020700,0.0,inf,11.059779250889635
3021200,0.0,inf,11.071990321679833
3021300,0.0,inf,11.116942328003047
3021400,0.0,inf,11.071059649417371
3021700,0.0,inf,11.109158525091326
3021900,0.0,inf,11.059072394907167
3022000,0.0,inf,11.091400845297267
3022100,0.0,inf,11.146520882979386
3022400,0.0,inf,11.082097822399641
3022600,0.0,inf,11.071966364746187
3022700,0.0,inf,11.067353206710893
3022900,0.0,inf,11.090600951893544
3023000,0.0,inf,11.081683891026229
3023200,0.0,inf,11.08857903523419
3023300,0.0,inf,11.115229759125265
3023400,0.0,inf,11.080559442872678
3023500,0.0,inf,11.09966144654482
3023600,0.0,inf,10.992930934320261
3024100,0.0,inf,11.093339397839243
3024200,0.0,inf,11.040301564585034
3024300,0.0,inf,10.999604514704924
3024500,0.0,inf,11.09581275268428
3024600,0.0,inf,11.145131175452448
3024700,0.0,inf,11.082738903808329
3024800,0.0,inf,11.05595110539968
3025100,0.0,inf,11.070496923072035
3025200,0.0,inf,11.069200174226088
3025300,0.0,inf,11.094710161895405
3025700,0.0,inf,11.113268379998491
3025800,0.0,inf,11.092813954794313
3025902,0.0,inf,11.100746758304272
3026100,0.0,inf,11.125860858952159
3026300,0.0,inf,11.06007026785931
3026400,0.0,inf,11.00818316583339
3026500,0.0,inf,11.075851350429703
3026600,0.0,inf,11.02328858462762
3026900,0.0,inf,11.098850626543218
3027100,0.0,inf,11.083911889321632
3027200,0.0,inf,11.10576706545651
3027300,0.0,inf,11.05325304830624
3027700,0.0,inf,11.012613686225693
3027800,0.0,inf,11.004463319599656
3027900,0.0,inf,11.135100623423787
3028100,0.0,inf,11.121406365253918
3028200,0.0,inf,11.096244978801018
3028300,0.0,inf,11.136092702058667
3028502,0.0,inf,11.005530093738683
3028600,0.0,inf,11.032841795608373
3028700,0.0,inf,11.001286648410712
3028800,0.0,inf,11.079535412624539
3028900,0.0,inf,11.14756270994198
3029000,0.0,inf,11.049393795046505
3029100,0.0,inf,11.106630498477045
3029300,0.0,inf,11.10745073483174
3029400,0.0,inf,11.102206017412463
3029500,0.0,inf,11.074643696047733
3029700,0.0,inf,11.062584663814844
3029800,0.0,inf,11.094816042436925
3029900,0.0,inf,11.085813244121871
3030100,0.0,inf,11.060155733333797
3030200,0.0,inf,11.146029530945333
3030300,0.0,inf,11.117315994745478
3030400,0.0,inf,11.024033667376049
3030500,0.0,inf,11.021832296028538
3030700,0.0,inf,11.036214463328115
3030800,0.0,inf,11.140699318866465
3030900,0.0,inf,11.063079791299517
3031100,0.0,inf,11.028345802379548
3031300,0.0,inf,11.078557188322675
3031401,0.0,inf,11.09062582990723
3031702,0.0,inf,11.111956182665931
3032300,0.0,inf,11.088322056630089
3032500,0.0,inf,11.052481436243248
3032700,0.0,inf,11.039234829901837
3032800,0.0,inf,11.071229097211425
3032900,0.0,inf,11.056284295026394
3033000,0.0,inf,11.102403234021908
3033300,0.0,inf,11.107220079171812
3033701,0.0,inf,11.106232925368143
3033900,0.0,inf,11.058003467566413
3034100,0.0,inf,11.14035262867756
3034200,0.0,inf,11.097017283921033
3034300,0.0,inf,11.03543682715278
3034500,0.0,inf,11.065303120950203
3034700,0.0,inf,11.057947467026219
3034901,0.0,inf,11.055971767909151
3034902,0.0,inf,11.014243740961597
3035000,0.0,inf,11.067604601205241
3035101,0.0,inf,11.02668725649282
3035102,0.0,inf,11.074959004471019
3035301,0.0,inf,11.064373007655954
3035302,0.0,inf,11.147581005035368
3035500,0.0,inf,11.05599391714361
3035602,0.0,inf,11.025379724400421
3035701,0.0,inf,11.083315708347087
3035900,0.0,inf,11.040629139833975
3036002,0.0,inf,11.09931679053917
3036100,0.0,inf,11.112317812017864
3036200,0.0,inf,11.04900471628847
3036300,0.0,inf,11.08115171625284
3036400,0.0,inf,11.109296215177373
3036501,0.0,inf,11.074761066652389
3036502,0.0,inf,11.064409754726418
3036900,0.0,inf,11.08275083490407
3037000,0.0,inf,11.048118255495678
3037100,0.0,inf,11.091879780226895
3037300,0.0,inf,11.086392425636836
3037401,0.0,inf,11.069614380761866
3037500,0.0,inf,11.07541938502748
3037700,0.0,inf,11.013140692608605
3037900,0.0,inf,11.04438492396087
3038100,0.0,inf,11.055885129841727
3038200,0.0,inf,11.097839579080164
3038300,0.0,inf,11.067605904185493
3038500,0.0,inf,11.057237208960068
3038600,0.0,inf,11.099603704876172
3038700,0.0,inf,11.036792967722807
3038900,0.0,inf,11.111437618925496
3039000,0.0,inf,11.080965315883887
3039200,0.0,inf,11.148684858897319
3039300,0.0,inf,10.995476763957205
3039400,0.0,inf,10.982048312887313
3039700,0.0,inf,11.036920199839194
3039800,0.0,inf,11.123282668400714
3040100,0.0,inf,11.126427270959724
3040300,0.0,inf,11.045611032657858
3040400,9.577290279497264e-06,30.951219512195127,11.049305123303064
3041100,0.0,inf,11.051449372612733
3041200,0.0,inf,11.038597020370494
3041401,0.0,inf,11.06653371192351
3041600,0.0,inf,11.071371804993293
3042000,0.0,inf,11.02721786812691
3042200,0.0,inf,11.096657433604749
3042400,0.0,inf,11.112704488398537
3042600,0.0,inf,11.077542172615589
3042800,0.0,inf,11.157742564125986
3043000,0.0,inf,11.10485215103848
3043200,0.0,inf,11.065834939314405
3043400,0.0,inf,11.08874195860344
3043800,0.0,inf,10.976892784572064
3044000,0.0,inf,11.10220924077444
3044800,0.0,inf,11.026498455931101
3046000,0.0,inf,11.016217681011987
3046201,0.0,inf,11.1312621463863
3046202,0.0,inf,10.999086423345517
3046400,0.0,inf,11.130951473880977
3047000,0.0,inf,11.038171902293334
3047400,0.0,inf,11.036991128216316
3047600,0.0,inf,11.034671852426218
3047700,0.0,inf,11.010094954646027
3048000,0.0,inf,11.083524683456714
3048100,0.0,inf,11.07408675318478
3048500,0.0,inf,11.046951621680746
3048800,0.0,inf,11.102170733746469
3049000,0.0,inf,11.029488690015882
3049200,0.0,inf,11.028760411289998
3049500,0.0,inf,11.127237035033202
3049700,0.0,inf,11.062333541929956
3049900,0.0,inf,11.060623830315317
3050100,0.0,inf,11.050650069249695
3050300,0.0,inf,11.063165610700421
3050500,0.0,inf,11.068014309810664
3050700,0.0,inf,11.091931668881054
3050801,0.0,inf,11.05949530352843
3050803,0.0,inf,11.07055185878859
3050900,0.0,inf,11.021300612708048
3051001,0.0,inf,11.012485327900478
3051002,0.0,inf,11.09135356891909
3051100,0.0,inf,11.08469346845492
3051200,0.0,inf,11.070569445014021
3051300,0.0,inf,11.094575760021524
3051500,0.0,inf,11.062752798622029
3051601,0.0,inf,11.073964762005636
3051602,0.0,inf,11.047500207101661
3051700,0.0,inf,11.068070265954972
3051900,0.0,inf,11.064951765619128
3052500,0.0,inf,11.117579376744544
3052600,0.0,inf,11.093229627000186
3052900,0.0,inf,11.082780694187692
3053000,0.0,inf,11.04138691299839
3053102,0.0,inf,11.07614076266679
3053200,0.0,inf,11.056566285588183
3053300,0.0,inf,11.093928719282259
3053400,0.0,inf,11.066379386337687
3053800,0.0,inf,11.034002479484545
3053900,0.0,inf,11.105566653989213
3054200,0.0,inf,11.069782859838222
3054400,0.0,inf,11.053255409473978
3054500,0.0,inf,11.048387276614598
3054900,0.0,inf,11.053909024549748
3055000,0.0,inf,11.081173459912797
3055100,0.0,inf,11.01079037272626
3055200,0.0,inf,11.104457966512262
3055300,0.0,inf,11.091544559842143
3055400,0.0,inf,11.066597352231508
3055500,0.0,inf,11.067366449303234
3055600,0.0,inf,11.100302401679075
3055700,0.0,inf,11.032428582806201
3056000,0.0,inf,11.073769668193389
3056100,0.0,inf,11.067113265080442
3056301,0.0,inf,11.04225691815703
3056500,0.0,inf,11.05735416477568
3056600,0.0,inf,11.011999414785466
3056800,7.161239743957739e-10,51.400000000000006,11.069438820075757
3056900,0.0,inf,11.096898695582386
3057100,0.0,inf,11.087075094126922
3057200,0.0,inf,11.06129750695421
3057300,0.0,inf,11.038512181655033
3057400,0.0,inf,11.002786957720506
3057500,0.0,inf,11.108071659682649
3057800,0.0,inf,11.106083613655663
3058000,0.0,inf,11.040690473116552
3058200,0.0,inf,11.070567728045168
3058400,0.0,inf,11.100158733952238
3058800,0.0,inf,11.06534714058268
3058901,0.0,inf,11.086401215696505
3059100,0.0,inf,11.039165030421726
3059200,0.0,inf,11.076047789412403
3059300,0.0,inf,11.075508246206637
3059600,0.0,inf,11.093489033824328
3059800,0.0,inf,11.104866778772271
3060000,0.0,inf,11.076930375669134
3060600,0.0,inf,11.022799089851155
3060800,0.0,inf,11.062287026513582
3061002,0.0,inf,11.0163180247481
3061004,0.0,inf,11.074476687107966
3062200,0.0,inf,11.154497645044955
3062800,0.0,inf,11.107917981589669
3064000,0.0,inf,11.054162663950772
3064200,0.0,inf,11.140935554317542
3064400,0.0,inf,11.066171575125866
3064600,0.0,inf,11.003744355417561
3064800,0.0,inf,11.143571767055105
3065400,0.0,inf,11.142397513403406
3065600,0.0,inf,11.097772911079344
3065800,0.0,inf,10.996330333903805
3066200,0.002240860074575324,18.64176550145651,11.013192190048663
3067000,0.0,inf,11.087615298004739
3067400,0.0,inf,11.122554218002977
3067600,0.0,inf,11.08233949136616
3067800,0.0,inf,10.99410920553255
3068000,0.0,inf,11.057758657533657
3068200,0.0,inf,11.03548557292167
3069000,0.0,inf,11.036604906883838
3069200,0.0,inf,11.023003699587774
3069601,0.0,inf,11.10228012244589
3069602,0.0,inf,11.083410020711339
3069800,0.0,inf,11.139285213038095
3070201,0.0,inf,11.047324763878832
3072000,0.0,inf,11.079517877568943
3072200,0.0,inf,11.072945627540543
3072600,0.0,inf,11.057513066367044
3072800,0.0,inf,11.109745568359557
3073000,0.0,inf,11.115961176437144
3073200,0.0,inf,11.06446616486689
3073400,0.0,inf,11.022716766110793
3073600,0.0,inf,11.04880570468567
3073800,0.0,inf,11.11046867457279
3074000,0.0,inf,11.020761166604647
3074200,0.0,inf,11.036544987121864
3074600,0.0,inf,11.070854554358966
3074800,0.0,inf,11.07979687142487
3075000,0.0,inf,11.06027089732369
3075200,5.0340804877259756e-17,85.83333333333333,11.112881972444637
3076600,0.0,inf,11.05063164225574
3077000,0.0,inf,11.066081576502604
3077400,0.0,inf,11.061637914139393
3077600,0.0,inf,11.039631344695906
3078000,0.0,inf,11.051129318934795
3078200,0.0,inf,11.061446514568827
3078400,0.0,inf,11.065623345768872
3078601,0.0,inf,11.035007355721756
3078602,0.0,inf,11.090899763227583
3078801,0.0,inf,11.11969322662612
3078802,0.0,inf,11.044941945986096
3079002,0.0,inf,11.042617988961151
3079201,0.0,inf,11.07827957447314
3079202,0.0,inf,11.056683991541064
3079400,0.0,inf,11.0793946425612
3079602,0.0,inf,11.095821848791495
3079801,0.0,inf,11.068364996733438
3079802,0.0,inf,11.048608641104039
3080200,0.0,inf,11.135624650971128
3080400,0.0,inf,11.061027604770866
3080600,0.0,inf,11.021066540113356
3080800,0.0,inf,11.066949897502097
3081000,0.0,inf,11.068965177335764
3081400,0.0,inf,11.042750661923565
3081600,0.0,inf,11.013486908468321
3081800,0.0,inf,11.114250618762378
3082000,0.0,inf,11.048379981659684
3082200,0.0,inf,11.055114253830231
3082400,0.0,inf,11.125427949921288
3082600,0.0,inf,11.084673817951668
3082800,0.0,inf,11.079367242045121
3083000,0.0,inf,10.992071954657206
3083200,0.0,inf,11.108579984381462
3083600,0.0,inf,11.043782020389811
3084000,0.0,inf,11.078101275797831
3084600,0.0,inf,11.099047366080885
3085000,0.0,inf,11.095377798320666
3085400,0.0,inf,11.078976642350279
3085600,0.0,inf,11.110799277065464
3086000,0.0,inf,11.068955976703807
3086200,0.0,inf,11.06006342592935
3086400,0.0,inf,11.052641808494718
3086600,0.0,inf,11.077427859387436
3086800,0.0,inf,11.075943946841633
3087000,0.0,inf,11.08563510046441
3087200,0.0,inf,11.101104662801744
3087401,0.0,inf,11.128343851032536
3087600,0.0,inf,11.04559225558408
3088001,0.0,inf,11.132287831724518
3088200,0.0,inf,11.023269561063833
3088400,0.0,inf,11.107002958929353
3088600,0.0,inf,11.099447017282337
3088800,0.0,inf,11.035214938706165
3089000,0.0,inf,11.023627921236015
3089200,0.0,inf,11.098555407358178
3089400,0.0,inf,11.075619429893383
3089600,0.0,inf,11.066807141137616
3089800,0.0,inf,11.03304754931881
3090000,0.0,inf,11.108113893122093
3090200,0.0,inf,11.088940655465127
3090600,0.0,inf,11.102131758662273
3090800,0.0,inf,11.030426157023934
3091000,0.0,inf,11.043301522749376
3091600,0.0,inf,11.096702958936323
3091800,0.0,inf,11.049927725176282
3092000,0.0,inf,11.03868069266899
3092200,0.0,inf,11.131987602421345
3092400,0.0,inf,11.071750714348257
3092800,0.0,inf,11.12985333381533
3093000,0.0,inf,11.042484847425593
3093200,0.0,inf,11.039500391291066
3093400,0.0,inf,11.142425087161516
3093600,0.0,inf,11.087898821761122
3093800,0.0,inf,11.064677056851561
3094401,0.0,inf,11.07403912051078
3094402,0.0,inf,11.0563492959504
3094600,0.0,inf,11.088394921046383
3095000,0.0,inf,11.085219342809634
3095400,0.0,inf,11.095213342035354
3095600,0.0,inf,11.044891764144678
3095800,0.0,inf,11.109986408404124
3096200,0.0,inf,11.07529179621693
3096400,0.0,inf,11.098312919449873
3096800,0.0,inf,11.095103555761296
3097000,0.0,inf,11.068086075405231
3097400,0.0,inf,11.073372955743467
3098200,0.0,inf,11.025878670960847
3098400,0.0,inf,11.109754973655118
3098600,0.0,inf,11.062161568367124
3098800,0.0,inf,11.113588044677066
3099000,0.0,inf,11.043264088951
3099400,0.0,inf,11.045475762052721
3099800,0.0,inf,11.037846042992024
3100400,0.0,inf,11.108262293220973
3100800,0.0,inf,10.997202263816856
3101000,0.0,inf,11.060574594697513
3101200,0.0,inf,11.023833748385004
3101400,0.0,inf,11.072082657192992
3101800,0.0,inf,11.101613678865544
3102000,0.0,inf,11.071527459566202
3102200,0.0,inf,11.02053055308426
3102400,0.0,inf,11.01834330850647
3102600,0.0,inf,11.028765273492022
3102801,0.0,inf,11.07425042541743
3103401,0.0,inf,11.015843879262578
3105804,0.0,inf,11.071134114105687
3107001,0.0,inf,11.023101508658916
3107800,0.0,inf,11.142862212247863
3109800,0.0,inf,11.10245092501621
3110400,0.0,inf,11.040284504501361
3110600,0.0,inf,11.098255611457915
3111000,0.0,inf,11.120336078055727
3111600,0.0,inf,11.048586855599615
3111800,0.0,inf,11.101070744251329
3112000,0.0,inf,11.052903862108803
3112200,0.0,inf,11.107517504816784
3112400,0.0,inf,11.012741778012833
3112600,0.0,inf,11.095121647498653
3112800,0.0,inf,11.060824492726127
3113000,0.0,inf,11.071374841913803
3113200,0.0,inf,11.093578514151256
3113400,0.0,inf,11.029750618975278
3114400,0.0,inf,11.118490024191296
3115000,0.0,inf,11.067134065265064
3115200,0.0,inf,11.097647486286325
3115600,0.0,inf,11.062815618190974
3115800,0.0,inf,11.059719982438299
3116000,0.0,inf,11.029137270727253
3116200,0.0,inf,11.083268292584577
3116400,0.0,inf,11.062680099249986
3120000,0.0,inf,11.087253822259575
3120801,0.0,inf,11.084965340032587
3120802,0.0,inf,11.071611762438959
3120803,0.0,inf,11.11470101456795
3121000,0.0,inf,11.068412944040114
3121400,0.0,inf,11.034529868775431
3122000,0.0,inf,11.11979333263027
3123700,0.0,inf,11.03933666368645
3152200,0.0,inf,11.008540183154665
4000101,0.0,inf,11.08728928481851
4000102,0.0,inf,11.042855544347299
4000701,0.0,inf,11.132890248736622
4000702,0.0,inf,11.040471148404514
4001901,6.894722281722884e-05,26.576923076923077,11.103338397402798
4001902,0.0,inf,11.068029138004455
4002000,0.0005014389055611719,22.098765432098762,11.106131379090055
4002200,0.027977925876690825,12.550295857988164,11.04537809405541
4002400,0.03710163939476754,11.836257309941521,11.129950967244923
4003301,0.0,inf,11.083844686668256
4004002,0.04174723740450492,11.534914422389956,11.080241726705527
4004300,0.0,inf,11.09267698785014
4004401,0.0,inf,11.062915194555913
4004500,0.0,inf,11.062596555269126
4004700,0.0,inf,11.052043065749313
4005100,0.0,inf,11.038155818198867
4005300,0.0,inf,11.081657868619077
4005900,0.0,inf,11.101743917457014
4006100,0.0,inf,11.043400222911059
4006300,0.0,inf,11.06449347511762
4006501,0.0,inf,11.058066842825495
4006502,0.0,inf,11.091103225041229
4006900,0.0,inf,11.08845696961136
4007100,0.0,inf,11.0722706622224
4007500,0.0,inf,11.059728685567158
4007900,0.0,inf,11.112534545634974
4008300,0.0,inf,11.050180643564653
4008800,0.0,inf,11.077647432562888
4010100,0.0,inf,11.055261167797404
4010300,0.0,inf,11.07033555617071
4010400,3.6238660713799115e-40,194.8300159489633,11.078742970890328
4010500,0.0,inf,11.094095194403009
4011300,0.0,inf,11.048142504428256
4011500,0.0,inf,11.084371538263165
4011700,0.0,inf,11.059869961590126
4011800,2.273868606584848e-20,101.73749921576005,11.120888890284794
4012000,0.010595752070129265,14.945960754332313,11.074164153248377
4012100,0.0,inf,11.050719819971775
4012301,0.0,inf,11.032891883234395
4013400,0.0,inf,11.00926908257893
4013700,0.0,inf,11.12610420823855
4013800,0.0,inf,11.095010457949444
4014000,0.0,inf,11.079399303550694
4014100,0.0010440370533112574,20.415590312815333,11.075271801570072
4014300,0.0,inf,11.025301436496719
4014700,0.0,inf,11.114069035752761
4014900,0.0,inf,11.051605472579713
4015100,0.0,inf,11.01397582002628
4015300,0.0,inf,11.074671845725046
4015500,0.0,inf,11.08915300278907
4015801,9.365353336005552e-11,55.700731195051254,11.010350832333861
4015900,0.0,inf,11.048728701743347
4016300,0.0,inf,11.015730725674024
4018101,0.0,inf,11.072229324537885
4018102,0.0,inf,11.057150856762785
4018200,0.0,inf,11.061396755500896
4018401,0.0,inf,11.131358446990125
4018402,0.0,inf,11.064077292469277
4018502,0.0,inf,10.998082666965182
4018700,0.0,inf,11.062330003761208
4018900,0.0,inf,11.04787045976195
4019000,0.0,inf,11.089863685326295
4019200,0.0,inf,11.07102532229978
4019400,0.0,inf,11.08094298657207
4019600,0.0,inf,11.048470937331132
4019800,0.0,inf,11.065173728275063
4020800,0.0,inf,11.12075499886898
4021601,0.0,inf,11.06116910994358
4023600,0.0,inf,11.08656181884423
4025301,0.0,inf,11.078342470640175
4025401,0.0,inf,11.015825775263615
4025402,0.0,inf,11.073400034245635
4025500,0.00025393183507230405,23.645655737704914,11.09408700210327
4025800,0.0,inf,11.064898809262859
4026000,0.0,inf,11.099776138127991
4026300,0.0,inf,11.050624577796698
4026400,0.0,inf,11.106933150311974
4026600,0.0,inf,11.072178825759933
4027000,0.0,inf,11.060036768203696
4027200,0.0,inf,11.108952635551113
4027400,0.0,inf,11.079190731494792
4027701,0.0,inf,11.028162886866724
4027800,0.0,inf,11.020880448862858
4028000,0.0,inf,11.10507487271543
4028200,0.0,inf,11.111908825202034
4028400,0.0,inf,11.066742064796044
4028801,0.0,inf,11.103301291020289
4028802,0.0,inf,11.006675886488674
4028900,0.0,inf,11.054901361896423
4029300,0.000783792090239134,21.075757575757578,11.023327973465644
4029400,0.0,inf,11.041272280826236
4029700,0.0018075862779000822,19.143188309806686,11.103672013191835
4030600,0.0,inf,11.074241612605402
4031700,0.0,inf,11.127343784524689
4032000,0.0,inf,11.082599183891721
4032800,0.0,inf,11.112817922275584
4033000,0.0,inf,11.110264699272836
4033401,0.0,inf,11.012093815288466
4033403,0.0,inf,11.10995186614782
4033404,0.0,inf,11.082038557765737
4033405,0.0,inf,11.091774030890548
4035200,0.0,inf,11.101926291900492
4035800,0.0,inf,11.096537542794092
4036600,0.0,inf,11.077011776281593
4036800,0.0,inf,11.04890945115766
4037501,0.014111836005454074,14.247422680412374,11.082226849850754
4037600,0.0,inf,11.11277892193102
4037700,0.0,inf,11.10728619891692
4038400,0.0,inf,11.067782732184321
4039400,0.0,inf,11.051787815505138
4039800,0.0,inf,11.166427094620193
4040000,0.0,inf,11.11027388095275
4040200,0.0,inf,11.037839341636497
4040400,0.0,inf,11.079401013939522
4041400,0.0,inf,11.09976881843242
4042400,0.0,inf,11.027569997036348
4043400,0.0,inf,11.065337946738765
4044000,0.0,inf,11.011224599472511
4045400,2.1265328202420977e-87,414.5883259368836,11.078147620957013
4047000,0.0,inf,11.044320180804071
4047200,2.3612529025063785e-14,73.06060606060606,11.055525635464813
4047300,0.04651074434315298,11.257287057292857,11.076480272228599
4047900,1.3543306996663504e-31,154.66734972677597,11.019554643507696
4048000,6.963241642121776e-82,389.0,11.060632742452897
4048301,2.1738201940825326e-05,29.142857142857142,11.134118884238681
4049201,0.0,inf,11.069580543858768
4049202,0.0069650632462652995,15.957983193277311,11.063468815741743
4049302,0.0,inf,11.03855786955891
4049900,0.02958424182370905,12.409795542467927,11.095584166639547
4050000,0.0,inf,11.188738670892475
4050201,0.0,inf,11.099532617201405
4050400,0.0,inf,11.056742026832753
4050800,0.0,inf,11.058408419632384
4051000,0.0,inf,11.04121768890055
4051100,0.0,inf,11.033559217915778
4051200,0.0,inf,11.023434148690766
4051300,0.0,inf,11.066327211956017
4051600,0.0,inf,11.039166527756873
4051700,0.0,inf,11.115219287622498
4051800,0.0,inf,11.034102646713686
4052000,0.0,inf,11.080225817726463
4052200,0.0,inf,11.089350331869378
4052600,0.0,inf,11.100996235016586
4052800,0.0,inf,11.091015008388172
4053000,0.0,inf,11.027537273536744
4053100,0.0,inf,11.031938923846639
4053200,0.0,inf,11.084508556369348
4053401,0.0,inf,11.081359016018743
4053501,3.055012746690753e-05,28.388888888888893,11.028856012543427
4053601,0.0,inf,11.069992376122885
4053800,0.0,inf,11.084927977560408
4054000,0.0,inf,11.062254091580199
4056800,0.0,inf,11.064425243221418
4057700,0.0,inf,11.04408147423883
4058100,0.0,inf,11.090436851684322
4058200,0.0,inf,11.091565563171764
4058300,0.0,inf,11.102785427332144
4058500,0.0,inf,11.093574016576765
4058700,0.0,inf,11.064088599193278
4059000,0.0,inf,11.046849619066853
4059300,0.0,inf,11.063492571358315
4059501,0.0,inf,11.056290168620945
4059502,0.0,inf,11.12266295344387
4059600,0.0,inf,11.015068312060349
4059800,0.0,inf,11.109500431850677
4060100,0.0,inf,11.13767901022424
4060300,0.0,inf,11.02351852098296
4060600,0.0,inf,11.080412045340386
4060800,0.0,inf,11.086081722935411
4061000,0.0,inf,11.05323590934419
4061601,0.0,inf,10.976086609045234
4061602,0.0,inf,11.048098117736972
4061900,0.0,inf,11.058454709405396
4062200,0.0,inf,11.038090032850906
4062300,0.0,inf,11.008645290940008
4062500,0.0,inf,11.073372171529742
4062600,0.0,inf,11.049985614126172
4062700,0.0,inf,11.00081700015522
4062900,0.0,inf,11.047788509355973
4063000,0.0,inf,11.151448833510804
4063200,0.0,inf,11.105217749899685
4063301,0.0,inf,11.039463525070849
4063500,0.0,inf,11.092447469111281
4063700,0.0,inf,11.140837196987844
4063800,0.0,inf,11.059708727172877
4063900,0.0,inf,11.115086306351076
4064500,0.04095597628117195,11.58391677552084,11.042609167486475
4064600,0.0,inf,11.137453665334073
4065000,0.0,inf,11.045123089040503
4065401,0.0,inf,11.076366649566436
4065600,0.0,inf,11.117253322240932
4065900,0.0,inf,11.069908139718306
4066000,0.0,inf,11.020243473404413
4066100,0.0,inf,11.108684902218783
4066401,0.0,inf,11.143543941408947
4066402,0.0,inf,11.048793531065007
4066403,0.0,inf,11.056513369884009
4066501,0.0,inf,10.99500369538576
4066701,0.0,inf,11.11130800677924
4067100,0.0,inf,11.08671964767839
4067900,0.0,inf,11.074138385405185
4068000,0.0,inf,11.118817940178818
4068200,0.0,inf,11.041925661888563
4069000,0.0,inf,11.081560371458618
4069300,0.0,inf,11.09375444335202
4069400,0.0,inf,11.050393213973155
4069702,0.0,inf,11.090410556505288
4070300,0.0063777392137836985,16.16901336285077,10.976239005174849
4070700,0.0,inf,11.102182924618244
4070900,0.0,inf,11.051157057091052
4071303,0.0,inf,11.04691607765595
4071304,0.0,inf,11.131557137908773
4071305,0.0,inf,11.091846882561136
4071306,0.0,inf,11.089340163983035
4071701,0.0,inf,11.016508496100338
4071900,0.0,inf,11.051484167289113
4072300,0.0,inf,11.022013476645201
4073700,0.0,inf,11.096184888078414
4073900,0.0,inf,11.084972230352749
4074100,0.0,inf,10.976439197694614
4074300,0.0,inf,11.108937936506681
4074500,0.0,inf,11.110439451015015
4075702,0.0,inf,11.05886582024692
4076901,0.0,inf,11.09433867054957
4077300,0.0,inf,11.023202054211648
4077500,0.0,inf,11.10429860869792
4077902,0.0,inf,11.070761202489
4077903,0.0,inf,11.03330967512312
4077907,0.0,inf,11.090418673108749
4078800,0.0,inf,11.08998515141207
4079000,0.0,inf,11.038632437855867
4079200,0.0,inf,11.079139932704823
4079701,0.0,inf,11.051034356765724
4079702,2.1544477112356032e-54,261.214262295082,11.010034659695688
4079900,8.125388232882598e-11,56.00030441400304,11.053130961866497
4080301,0.000394401217383003,22.646153846153844,11.042237880029516
4080900,0.0,inf,11.099589996775885
4081400,0.0,inf,11.075388391277414
4081800,0.0,inf,11.076847538721408
4083700,0.0,inf,11.088740054887685
4084000,0.0,inf,10.987050883381096
4084500,5.09835490331321e-30,147.2657819788935,11.119128734949545
4084901,0.0,inf,11.072220091034016
4084902,0.0,inf,11.000066806771821
4085300,0.0,inf,11.102492765808288
4085500,0.0,inf,11.068919748391219
4085700,0.0,inf,11.107683148801684
4086100,0.0,inf,11.087832975813416
4086300,7.329665755882456e-111,523.3333333333333,11.005486745939326
4086500,0.0,inf,11.15772517669685
4088400,0.0,inf,11.05997106895252
4088902,0.019104991251326076,13.501644657863144,11.088348680837843
4088903,0.0,inf,11.107629724553417
4089201,0.0,inf,11.077322025728643
4091900,0.0,inf,11.058218216385876
4093402,0.0,inf,11.047477410318177
4093800,0.0,inf,11.12554890248873
4094201,0.0,inf,10.997105343840671
4094202,0.0,inf,11.105365352610331
4094203,0.0,inf,11.086942768980283
4094500,0.0,inf,11.03002273522151
4095400,0.0,inf,11.067525013789423
4096400,0.0,inf,11.073810943604538
4097202,0.0,inf,11.0940883763388
4097204,0.0,inf,11.140821609411622
4097205,0.0,inf,11.088406100194378
4097206,0.0,inf,11.125145851042175
4098100,0.0,inf,11.06283817475295
4098700,0.0,inf,11.088452768425272
4099100,0.0,inf,11.100084604846817
4099200,0.0,inf,11.036809143966558
4099701,0.0,inf,11.039008517797226
4099704,0.0,inf,11.08832944922972
4099802,0.0,inf,11.092141926590237
4101002,0.0,inf,11.052090472233267
4101003,0.0,inf,11.058122297112666
4101004,0.0,inf,11.11527232271864
4103900,0.0,inf,11.039783551581317
4105900,0.0,inf,11.114974102770512
4107201,0.0,inf,11.044611980743296
4109300,0.0,inf,11.13375812498985
4112900,0.0,inf,10.997634238798108
4113900,0.0,inf,11.091327433487503
4115500,9.324784161753163e-32,155.42831827042352,11.096899769215261
4115700,0.0,inf,11.01563212430963
4116100,1.9257096030537521e-59,284.7212121212121,11.079811774611725
4116301,0.0,inf,11.073853050581805
4116700,3.448450464443692e-05,28.119999999999997,11.033187716104333
4117100,0.0,inf,11.049457183979872
4117500,0.0,inf,11.072350286494625
4118100,0.0,inf,11.055789304411793
4119900,8.240967238243386e-54,258.49999999999994,11.06942654750791
4121500,0.0,inf,11.008523743999696
4122300,0.0,inf,11.085593607028184
4122704,0.0,inf,11.056452665741743
4126700,0.0,inf,11.048201090146609
4127700,0.0,inf,11.051107622727047
4133300,0.0,inf,11.105898471031363
4134100,0.0,inf,11.038737939671126
4134702,0.0,2247.0,11.04741082185812
4136700,0.0,inf,11.048404231395752
4137700,0.0,inf,11.069921616448202
4138502,0.0,inf,11.102499507926831
4145900,0.0,inf,11.05558314613976
4148300,0.0,inf,11.079499509233075
4150702,0.0,inf,11.062824317628035
4152902,0.0,inf,11.016829016297239
4155104,0.0,inf,11.061389851462625
4157101,0.0,inf,11.065455310357642
4157102,0.0,inf,11.059163190223686
4162100,0.0,inf,11.056806160104072
5000300,0.0,inf,11.051368606235833
5000600,0.0,inf,11.01804767825366
5000700,0.0,inf,11.052264689063774
5002002,0.0,inf,11.147368592353395
5002100,0.0,inf,11.017523200304497
5002900,0.0,inf,11.090465836718728
5003300,0.0,inf,11.049484150770763
5004003,0.0,inf,11.003227370299705
5005000,0.0,inf,11.024622337004994
5005901,0.0,inf,11.058914977179171
5006400,0.0,inf,11.079730228907584
5006700,0.0,inf,11.074589835322211
5007001,0.0,inf,11.03560494891362
5007002,0.0,inf,11.095710817291426
5007500,0.0,inf,11.06315949255145
5008100,0.0,inf,11.020210027555386
5009601,0.0,inf,11.042039418519296
5009602,0.0,inf,11.075670863224952
5011401,0.0,inf,11.130063920473704
5011402,0.0,inf,11.072675170806658
5012200,0.0,inf,11.023274864895075
5012804,0.0,inf,11.06504526699339
5012805,0.0,inf,11.040067240224932
5012806,0.0,inf,11.051235789070773
5013203,0.0,inf,11.085681130321454
5013400,0.0,inf,11.065543813550834
5013800,0.0,inf,11.05847677041182
5014604,0.0,inf,11.042803433265318
5014605,0.0,inf,11.098914749980866
5014607,0.0,inf,10.997052713438165
5014700,0.0,inf,11.024459598251022
5015601,0.0,inf,11.075553944188584
5015603,0.0,inf,11.093275697951524
5016901,0.0,inf,11.073202166432077
5017005,0.0,inf,11.107664481420047
5017007,0.0,inf,11.098201684482044
5017009,0.0,inf,11.087138891037881
5017011,0.0,inf,11.042915143543121
5017012,0.0,inf,11.074264532309293
5017013,0.0,inf,11.061462136407306
5017015,0.0,inf,11.04756425457789
5017600,0.0,inf,11.050758414385117
5017701,0.0,inf,11.079560207859027
5018100,0.0,inf,11.030347000200727
5018703,0.0,inf,11.042232327622457
5018704,0.0,inf,11.057223931771436
5019800,0.0,inf,11.107344976193996
5020100,0.0,inf,11.070633057082762
5020803,0.0,inf,11.012946561361778
5020804,0.0,inf,11.07072323667631
5020805,0.0,inf,11.036118553607496
5020806,0.0,inf,11.048131377688982
5022300,0.0,inf,11.101262744431144
5022601,0.0,inf,11.137098699875272
5022602,0.00015838332204835164,24.711575200073135,11.06743605076729
5023900,0.0,inf,11.058768694686824
5024401,0.0,inf,11.020675333362707
5024402,0.0,inf,11.12789418006804
5024800,0.0,inf,11.124245624834794
5025100,0.0,inf,11.10610279641142
5027301,0.0,inf,11.046431215715952
5027302,0.0,inf,11.039412609166533
5027702,0.0,inf,11.132224899335776
5027705,0.0,inf,11.065824848238343
5027706,0.0,inf,11.071107123694354
5027900,0.0,inf,11.101821734112987
5029102,0.0,inf,11.03864341327873
5030301,0.0,inf,11.0434889454108
5031901,0.0,inf,11.108963950126624
5031902,0.0,inf,11.106928576784235
