BoroCT2020,Black,white,Mixed Race,Asian,American Indigenous,Other
1000201,4,3,0,0,0,0
1000202,4,6,0,0,0,0
1000600,30,9,1,0,0,0
1000700,5,6,2,0,0,1
1000800,5,4,3,4,0,0
1000900,16,11,1,1,0,0
1001001,1,1,0,0,0,0
1001002,5,1,0,0,0,0
1001200,2,9,2,1,0,0
1001300,6,2,2,0,0,1
1001401,4,3,0,0,0,0
1001402,17,8,5,1,0,0
1001501,2,6,0,0,0,0
1001502,11,6,2,0,0,0
1001600,16,14,7,1,0,0
1001800,25,23,3,2,0,0
1002000,6,3,1,1,0,0
1002100,19,8,0,0,0,1
1002201,11,13,4,0,0,0
1002202,3,1,0,0,0,0
1002400,11,6,3,0,0,0
1002500,11,4,2,1,0,0
1002601,8,4,0,1,0,0
1002602,9,10,3,0,0,0
1002700,0,2,0,0,0,0
1002800,12,6,1,1,0,0
1002901,7,2,1,0,0,1
1002902,6,3,1,1,0,0
1003001,9,9,4,0,0,0
1003002,4,6,0,0,0,1
1003100,8,5,0,0,0,0
1003200,15,11,3,0,0,0
1003300,19,2,2,0,0,1
1003400,13,10,2,2,0,0
1003601,6,6,3,0,0,1
1003602,7,4,1,0,0,0
1003700,3,8,0,0,0,0
1003800,14,13,3,2,1,1
1003900,3,0,1,0,0,0
1004001,3,2,0,1,0,0
1004002,3,4,0,1,0,0
1004100,14,4,0,0,0,0
1004200,10,4,0,0,0,0
1004300,2,9,0,0,0,0
1004400,4,1,0,0,0,0
1004500,2,3,1,2,0,0
1004700,16,8,1,0,0,0
1004800,9,6,0,0,0,0
1004900,9,8,1,0,0,0
1005000,7,4,0,0,0,2
1005200,8,11,3,0,0,0
1005400,13,1,2,0,0,0
1005501,1,3,1,0,0,0
1005502,4,5,0,1,0,0
1005600,14,5,2,0,0,0
1005700,5,5,0,1,0,1
1005800,16,9,1,0,0,0
1005900,4,1,0,0,0,0
1006000,0,1,0,0,0,0
1006100,18,10,0,1,0,0
1006200,27,4,2,0,0,0
1006300,26,16,3,0,0,0
1006400,3,4,1,1,0,0
1006500,33,22,5,0,1,1
1006600,17,7,2,0,0,0
1006700,10,6,1,0,1,0
1006800,20,11,1,0,0,0
1006900,1,2,0,0,0,1
1007001,3,1,0,0,0,0
1007002,3,3,0,0,0,0
1007100,11,4,1,0,0,0
1007200,21,10,1,0,0,2
1007300,19,14,3,0,0,0
1007400,13,8,0,0,0,0
1007500,5,1,1,0,0,0
1007600,32,12,1,1,0,0
1007700,5,5,1,0,0,0
1007800,2,2,0,0,0,1
1007900,6,4,0,0,0,0
1008000,17,5,4,0,0,0
1008100,16,5,1,0,0,0
1008200,21,12,2,0,0,1
1008300,10,5,0,0,0,0
1008400,23,8,1,2,0,3
1008601,2,0,0,0,0,0
1008602,1,0,0,0,0,0
1008700,13,3,1,0,0,0
1008800,5,3,1,1,0,0
1008900,9,8,2,0,0,0
1009000,9,6,0,0,0,0
1009100,18,9,4,1,0,0
1009200,7,6,1,0,0,0
1009300,15,3,0,0,0,0
1009400,6,4,0,0,0,0
1009500,11,3,0,0,0,0
1009600,14,8,1,0,0,0
1009700,2,1,0,0,0,0
1009800,12,4,0,0,0,0
1009901,1,0,0,0,0,0
1009902,0,1,0,1,1,0
1009903,4,2,0,0,0,0
1010000,2,3,0,0,0,0
1010100,39,17,0,0,0,0
1010200,4,5,1,0,0,0
1010300,6,0,1,1,0,0
1010400,16,2,0,0,1,1
1010601,2,1,0,0,0,0
1010602,2,7,1,0,0,0
1010801,0,0,1,0,0,0
1010802,1,0,0,0,0,0
1010803,2,2,1,0,0,0
1010900,40,29,2,1,1,1
1011000,2,1,1,3,0,0
1011100,26,10,3,0,0,0
1011201,4,19,1,0,1,0
1011202,12,4,1,0,0,0
1011203,0,3,1,0,0,0
1011300,76,31,12,0,0,1
1011401,4,2,0,0,0,0
1011402,9,4,2,0,0,1
1011500,32,19,2,2,0,0
1011600,1,3,0,0,0,0
1011700,3,1,0,0,0,0
1011800,3,5,0,0,0,0
1011900,69,41,12,3,0,0
1012000,5,11,2,0,0,1
1012101,28,27,3,1,0,2
1012102,6,3,1,0,0,0
1012200,11,2,1,0,0,0
1012400,0,3,0,1,0,0
1012500,33,8,1,1,1,0
1012601,0,4,1,0,0,1
1012602,2,8,2,0,0,0
1012700,10,10,1,0,0,0
1012800,10,1,0,0,0,0
1012901,6,6,1,0,0,0
1012902,7,5,3,0,0,0
1013000,1,2,0,0,0,0
1013100,8,2,3,0,0,0
1013201,0,1,0,0,0,0
1013202,5,2,0,0,0,0
1013300,8,2,3,0,0,0
1013400,4,2,2,0,0,0
1013501,7,4,3,0,0,0
1013502,12,2,0,0,0,0
1013602,2,4,1,0,0,0
1013603,1,0,0,0,0,0
1013604,2,1,0,0,0,0
1013700,11,3,0,0,0,0
1013800,7,5,1,0,0,1
1013900,1,3,0,0,0,0
1014000,3,3,0,0,0,0
1014200,5,0,0,0,0,0
1014300,69,25,5,2,0,3
1014401,1,0,1,0,0,0
1014402,3,5,1,0,0,0
1014500,25,10,8,2,0,0
1014601,2,1,0,0,0,1
1014602,2,3,1,0,0,0
1014700,5,1,1,0,1,0
1014801,28,5,6,0,0,0
1014802,3,4,1,0,0,0
1014900,13,5,0,2,0,0
1015002,1,1,0,0,0,0
1015101,13,3,7,0,0,0
1015102,1,0,1,0,0,0
1015200,8,2,3,0,0,0
1015301,3,1,1,0,0,0
1015302,14,5,0,0,0,0
1015401,6,4,2,0,0,0
1015402,3,0,1,0,0,0
1015501,2,1,2,0,0,0
1015502,2,3,0,0,0,0
1015601,7,0,0,0,0,0
1015602,1,5,1,0,0,1
1015700,9,5,2,1,0,0
1015801,3,0,1,0,0,1
1015802,4,4,1,0,1,0
1015900,34,16,4,0,0,1
1016001,1,3,1,0,0,0
1016100,7,4,0,0,0,0
1016200,41,10,1,3,0,0
1016300,18,6,0,0,0,0
1016400,45,14,4,1,0,1
1016500,4,11,0,2,0,0
1016600,23,13,6,0,0,0
1016700,18,8,2,0,0,0
1016800,19,7,1,1,0,0
1016900,9,5,3,0,0,0
1017000,18,8,4,0,0,1
1017100,9,5,1,0,0,0
1017200,45,16,11,0,0,0
1017300,12,8,2,0,0,0
1017401,27,6,0,0,0,0
1017402,5,1,3,0,0,0
1017500,6,1,0,0,0,0
1017700,24,12,3,0,0,0
1017800,16,12,5,1,0,0
1017900,28,9,1,0,0,0
1018000,63,16,5,0,0,0
1018100,13,5,7,0,0,0
1018200,78,33,14,0,0,0
1018300,19,9,5,1,1,0
1018400,54,7,8,0,0,0
1018500,16,4,1,0,0,0
1018600,43,8,8,0,1,0
1018700,9,3,2,0,0,0
1018800,28,18,2,0,0,3
1018900,64,9,11,0,0,0
1019000,24,3,1,0,0,0
1019100,17,5,3,0,0,1
1019200,28,6,4,0,0,0
1019300,27,11,2,0,0,0
1019400,34,10,6,0,0,0
1019500,14,12,5,0,0,0
1019600,51,9,3,0,0,0
1019701,6,1,0,0,0,0
1019702,4,0,0,0,0,0
1019800,28,3,0,0,0,0
1019900,4,2,0,0,0,0
1020000,55,11,1,1,0,1
1020101,0,0,0,0,1,0
1020102,18,1,2,0,0,0
1020300,4,0,0,0,0,0
1020500,2,2,0,0,0,0
1020600,22,3,0,0,0,0
1020701,0,1,0,0,0,0
1020800,32,0,3,0,0,0
1020901,21,8,2,0,0,0
1021000,31,1,2,0,0,1
1021100,19,5,1,0,0,0
1021200,20,4,2,0,0,0
1021303,9,10,5,0,0,0
1021400,27,4,0,0,1,0
1021500,18,2,2,1,0,0
1021600,55,6,3,0,0,0
1021703,3,1,0,0,0,0
1021800,61,6,3,0,0,0
1021900,44,5,9,0,0,0
1022000,22,4,0,0,0,0
1022102,15,2,1,0,0,0
1022200,47,10,1,0,0,0
1022301,17,17,7,0,0,0
1022302,2,0,1,0,0,0
1022400,48,6,0,0,0,0
1022500,14,9,8,1,0,2
1022600,27,4,4,0,0,1
1022700,19,6,5,0,0,0
1022800,32,4,3,0,0,0
1022900,39,19,12,0,0,0
1023000,30,1,2,0,0,0
1023100,25,13,2,0,0,0
1023200,32,4,2,0,0,0
1023300,17,3,4,0,0,0
1023400,15,0,0,0,0,0
1023501,23,9,6,0,0,1
1023502,12,1,1,0,0,0
1023600,38,8,2,0,0,0
1023700,8,3,9,0,0,0
1023803,1,0,0,0,0,0
1023804,2,0,0,1,0,0
1023900,8,2,2,0,0,1
1024000,2,4,0,0,0,0
1024100,8,5,7,0,0,1
1024200,45,8,3,0,0,1
1024301,4,3,2,0,0,0
1024302,17,1,2,0,0,0
1024500,6,11,22,0,0,0
1024700,0,3,6,0,0,0
1024900,4,6,1,0,0,1
1025100,8,8,2,0,0,0
1025300,2,4,4,0,0,0
1025500,0,2,2,0,0,0
1025700,30,10,1,1,0,0
1025900,7,0,2,0,0,0
1026100,6,11,15,0,0,0
1026300,8,10,10,0,0,0
1026500,5,1,2,1,0,0
1026700,1,2,0,0,0,0
1026900,13,20,11,0,0,0
1027100,8,13,5,0,0,0
1027300,3,0,1,0,0,0
1027700,3,12,4,0,0,0
1027900,3,15,6,0,0,0
1028100,1,0,1,0,0,0
1028300,5,4,14,0,0,0
1028500,5,17,2,0,0,0
1028700,2,10,7,0,0,0
1029100,4,20,16,0,0,0
1029300,5,20,9,0,0,1
1029500,8,2,6,0,0,0
1029700,2,2,0,0,0,0
1029900,24,21,18,0,0,0
1030300,3,6,1,0,0,0
1030700,4,4,3,0,0,0
1030900,28,9,8,0,0,0
1031100,9,19,6,0,0,0
1031703,2,2,0,0,0,0
1031704,3,1,0,0,0,0
2000200,5,3,0,0,0,4
2000400,1,2,1,0,0,0
2001600,23,8,5,0,0,0
2001901,5,8,0,0,0,0
2001902,6,10,2,0,0,0
2001903,1,0,1,0,0,0
2002001,16,4,0,0,0,0
2002002,50,7,6,1,0,0
2002300,26,6,3,0,0,0
2002400,5,0,1,0,0,0
2002500,49,28,11,0,0,0
2002701,16,5,5,0,0,0
2002702,30,9,10,0,0,0
2002800,19,3,0,0,0,0
2003100,9,7,4,0,0,0
2003300,8,8,1,0,0,0
2003500,22,12,9,0,0,0
2003700,13,7,5,0,0,0
2003800,2,2,0,0,0,0
2003900,35,17,14,0,0,1
2004001,2,0,1,0,0,0
2004100,68,22,7,0,0,0
2004200,44,19,8,0,0,0
2004300,75,45,9,0,0,0
2004400,44,14,9,0,0,0
2004600,16,5,5,0,0,0
2004800,22,14,7,1,0,0
2005001,9,4,4,0,0,0
2005002,14,3,7,0,0,0
2005100,65,20,12,0,0,0
2005200,3,3,2,0,1,0
2005300,21,5,1,0,0,0
2005400,10,5,1,0,0,0
2005600,32,9,3,0,0,0
2005902,4,1,2,0,0,0
2006000,3,2,4,0,0,0
2006100,9,1,5,0,0,0
2006200,20,12,10,0,0,0
2006301,40,31,12,0,0,0
2006302,0,1,5,0,0,0
2006400,8,2,7,0,0,0
2006500,26,13,8,0,0,0
2006700,39,22,1,0,0,0
2006800,10,8,3,0,0,0
2006900,53,13,15,0,0,0
2007000,12,10,8,1,0,0
2007100,50,17,8,0,0,0
2007200,9,7,3,1,0,0
2007300,17,9,7,0,0,0
2007400,5,5,4,0,0,0
2007500,26,8,3,0,0,0
2007600,8,11,10,1,0,3
2007700,8,7,3,0,0,0
2007800,9,3,3,0,0,0
2007900,36,13,7,0,0,0
2008300,19,7,2,0,0,0
2008400,0,1,0,0,0,0
2008500,13,8,8,0,0,0
2008600,32,5,4,0,0,1
2008700,36,16,8,0,0,0
2008900,4,8,3,0,0,0
2009000,30,14,3,2,0,1
2009200,17,12,9,0,0,0
2009301,31,18,11,0,0,0
2009302,8,9,6,0,0,0
2009600,6,6,1,0,0,0
2009800,25,3,2,0,0,0
2011000,1,0,3,0,0,0
2011502,15,6,4,0,0,0
2011701,0,6,3,0,0,0
2011702,1,0,1,0,0,0
2011800,0,1,0,0,0,0
2011900,18,10,3,0,0,0
2012101,10,1,2,0,0,0
2012102,3,0,1,0,0,0
2012300,23,5,8,0,0,0
2012500,13,5,3,0,0,0
2012701,5,9,0,0,0,0
2012901,32,18,2,0,0,0
2013100,15,7,8,0,0,1
2013200,4,1,2,1,0,0
2013300,23,13,4,0,0,0
2013500,9,4,1,0,0,0
2013800,0,1,0,0,0,0
2014100,62,6,14,0,0,0
2014300,13,2,1,0,0,0
2014400,22,4,3,2,0,0
2014500,54,19,10,0,0,0
2014701,26,6,3,0,0,0
2014702,39,6,1,0,0,0
2014900,21,6,6,0,0,0
2015100,22,9,6,0,0,0
2015200,2,6,0,0,0,0
2015300,20,5,2,0,0,0
2015500,15,4,4,0,0,0
2015700,25,8,9,0,0,0
2015800,2,0,0,0,0,0
2015900,18,9,7,0,0,0
2016000,0,2,3,0,0,0
2016100,45,10,7,0,0,0
2016200,0,0,1,0,0,0
2016300,19,5,3,0,0,0
2016500,34,8,2,0,0,0
2016600,6,6,2,0,0,0
2016700,24,7,6,0,0,0
2016900,36,10,15,0,0,0
2017100,2,2,2,0,0,0
2017300,45,12,7,0,0,1
2017500,47,11,4,0,0,0
2017701,24,5,4,0,0,0
2017702,25,14,6,0,0,0
2017901,27,5,4,0,0,0
2017902,20,10,6,0,0,0
2018101,14,4,3,0,0,0
2018102,30,9,4,0,0,0
2018301,4,1,3,0,0,0
2018302,15,6,5,0,0,0
2018400,0,3,2,0,0,0
2018501,18,10,2,0,0,0
2018502,29,11,7,1,0,0
2018900,30,16,11,1,0,0
2019300,20,11,10,0,0,0
2019400,3,2,2,0,0,0
2019500,15,14,7,0,0,0
2019700,18,23,18,0,0,0
2019900,17,6,5,0,0,1
2020000,15,8,3,0,0,0
2020100,12,6,4,1,0,0
2020200,19,2,4,0,0,0
2020400,7,5,1,0,0,0
2020501,17,9,7,0,0,0
2020502,30,7,10,0,0,0
2020601,0,1,0,0,0,0
2020900,10,10,10,0,0,0
2021001,4,2,0,0,0,0
2021002,3,1,0,0,0,0
2021100,15,9,8,0,0,0
2021200,4,0,0,0,0,0
2021301,25,11,12,0,0,0
2021302,3,10,1,0,0,0
2021501,21,12,8,0,0,0
2021502,77,37,24,0,0,0
2021601,5,1,3,0,0,0
2021602,5,11,1,0,0,1
2021700,78,25,22,0,0,0
2021800,12,11,4,0,1,0
2021900,10,5,5,0,0,0
2022000,8,1,3,0,0,0
2022101,23,10,3,0,0,0
2022102,9,7,8,1,0,0
2022200,6,4,2,0,0,0
2022300,9,16,9,0,0,0
2022401,4,3,0,0,0,0
2022403,2,3,0,0,0,0
2022404,0,7,1,0,0,0
2022500,21,12,14,0,1,0
2022701,59,36,24,0,0,0
2022702,3,3,1,0,0,0
2022703,3,2,5,0,0,0
2022800,1,1,1,0,0,1
2022901,42,30,27,0,0,0
2022902,16,8,5,0,0,0
2023000,5,0,1,3,0,0
2023100,85,52,40,0,1,0
2023200,0,4,0,0,0,0
2023301,51,22,19,0,0,0
2023302,34,23,10,1,0,0
2023501,24,14,9,0,0,0
2023502,57,29,16,0,0,0
2023600,3,2,1,0,0,1
2023702,25,14,7,0,0,1
2023703,51,28,13,0,0,0
2023704,43,21,12,0,0,0
2023800,1,1,0,0,0,0
2023900,92,48,35,0,0,0
2024000,8,2,1,0,0,0
2024100,83,45,23,0,0,0
2024300,53,27,22,0,0,0
2024400,2,1,0,1,0,0
2024501,37,15,21,0,0,0
2024502,9,4,3,0,0,0
2024600,0,0,0,0,0,1
2024700,9,3,4,0,0,0
2024800,2,2,1,0,0,0
2024900,7,1,6,0,0,0
2025000,1,0,0,1,0,0
2025100,35,15,16,0,0,0
2025200,0,0,0,0,0,1
2025300,31,22,17,0,0,0
2025400,3,0,1,1,0,0
2025500,5,7,6,0,0,1
2025600,10,1,0,0,0,0
2025700,3,3,2,0,0,1
2026100,1,0,0,0,0,0
2026300,9,23,11,0,0,0
2026400,3,8,0,0,0,0
2026500,15,21,8,0,0,0
2026601,5,4,1,0,0,0
2026602,11,7,4,0,0,0
2026701,13,4,14,0,0,0
2026702,3,14,16,0,0,1
2026900,11,13,4,0,0,0
2027300,7,14,17,0,0,0
2027401,2,0,0,0,0,0
2027402,1,0,3,0,0,0
2027600,1,0,2,0,0,0
2027700,6,4,4,0,0,0
2027900,7,6,7,0,0,0
2028100,0,0,1,0,0,0
2028300,30,14,9,0,0,0
2028400,5,1,0,0,0,0
2028500,4,8,1,0,0,0
2028700,7,5,5,0,0,0
2028800,0,2,0,1,0,0
2028900,6,6,6,0,0,0
2029301,1,0,1,0,0,0
2029302,2,4,1,0,0,0
2029500,7,4,7,0,0,0
2029600,4,4,3,0,0,0
2029700,0,1,0,0,0,0
2030000,9,5,4,0,0,3
2030100,0,1,0,0,0,0
2030201,1,0,0,0,0,0
2031000,1,0,0,0,0,0
2031200,3,3,1,0,0,0
2031400,2,1,0,0,0,0
2031600,1,0,0,0,0,0
2032300,1,0,1,0,0,0
2032400,14,3,2,0,0,0
2032800,9,5,1,0,1,0
2033000,21,8,5,0,0,0
2033201,2,2,0,0,0,0
2033202,6,0,2,0,1,0
2033400,12,6,4,0,0,0
2033500,0,1,0,0,0,0
2033601,22,3,1,1,0,0
2033602,1,4,0,0,0,0
2033700,6,3,1,0,0,0
2033801,16,1,2,0,0,0
2033802,2,0,1,0,0,0
2034000,4,1,3,0,0,0
2034200,6,0,1,0,0,0
2034300,1,7,1,0,0,0
2034400,3,1,1,0,0,0
2034500,2,3,1,0,0,0
2034800,29,7,1,0,0,0
2035000,9,1,1,0,0,0
2035100,1,1,0,0,0,0
2035600,5,0,2,0,0,0
2035800,13,3,0,0,0,0
2035900,32,13,10,0,0,0
2036000,14,1,1,0,0,0
2036100,49,20,5,0,0,0
2036300,86,39,8,0,0,0
2036400,20,1,1,0,0,0
2036501,40,7,9,0,0,0
2036502,47,17,7,0,0,1
2036700,12,8,3,0,0,0
2036800,4,0,1,0,0,0
2036901,21,9,5,0,0,1
2036902,9,4,3,0,0,0
2037000,8,0,0,0,0,0
2037100,50,14,7,0,0,0
2037200,7,1,1,0,0,0
2037300,31,22,8,0,0,0
2037400,42,5,3,0,0,1
2037504,51,25,14,0,0,0
2037600,0,0,1,0,0,0
2037800,15,4,5,0,0,0
2037900,160,55,28,0,0,0
2038000,22,3,4,0,0,0
2038100,70,22,22,0,0,0
2038200,15,1,0,0,0,0
2038301,60,24,22,0,0,0
2038303,58,18,13,0,0,0
2038304,87,33,27,1,0,0
2038500,81,24,12,0,0,0
2038600,9,3,0,0,0,0
2038700,38,20,10,0,0,0
2038800,1,0,0,0,0,0
2038900,21,12,8,0,0,0
2039000,12,2,0,0,0,0
2039100,42,30,14,0,0,0
2039200,1,1,1,0,0,0
2039300,23,14,7,0,0,0
2039400,5,4,0,0,0,0
2039500,84,25,8,1,0,0
2039600,11,4,2,0,0,0
2039700,41,16,10,1,0,1
2039800,5,2,0,0,0,0
2039901,44,34,14,0,0,0
2039902,94,52,25,0,0,0
2040100,25,16,15,0,0,0
2040302,12,9,4,0,0,0
2040303,3,3,2,0,0,0
2040304,1,6,2,0,0,0
2040400,11,3,0,0,0,0
2040501,12,3,6,0,0,0
2040502,18,11,9,0,0,0
2040600,35,2,1,0,0,0
2040701,6,2,4,0,0,0
2040702,7,3,4,0,0,0
2040800,4,0,2,0,0,1
2040900,3,6,5,0,0,0
2041100,6,0,2,1,0,1
2041300,7,3,3,0,0,1
2041400,3,3,4,0,0,0
2041500,1,1,1,1,0,0
2041800,5,1,1,0,0,0
2041900,8,3,1,0,0,0
2042000,9,4,1,0,0,0
2042100,6,1,3,0,0,0
2042200,6,1,3,0,0,0
2042300,0,2,0,0,0,0
2042400,7,0,0,0,0,0
2042500,14,14,4,0,0,0
2042600,9,0,2,0,0,0
2042800,3,0,0,0,0,0
2042901,4,3,4,0,0,0
2042902,18,13,4,0,0,0
2043000,6,2,1,0,0,0
2043101,6,1,4,0,0,0
2043102,4,0,1,0,0,0
2043400,24,0,5,1,0,0
2043501,2,1,1,0,0,0
2043502,3,0,0,0,0,0
2043503,4,6,4,0,0,0
2043600,2,0,1,0,0,0
2044200,14,1,2,0,0,0
2044400,9,0,0,0,0,0
2044800,4,0,0,0,0,0
2044901,1,0,0,0,0,0
2044902,1,3,0,0,0,0
2045101,2,0,0,0,0,0
2045102,2,0,1,0,0,0
2045600,1,0,0,0,0,0
2045800,22,7,1,0,0,1
2046000,20,2,2,0,0,0
2046203,11,2,2,0,0,0
2046204,2,0,0,0,0,0
2046205,23,8,4,0,0,2
2046207,3,1,0,0,0,0
2046208,3,0,0,0,0,0
2046209,10,2,0,0,0,0
2048401,18,6,0,0,0,0
2048402,1,1,2,0,0,0
2050400,1,0,0,0,0,0
2051601,5,4,5,0,0,0
3000100,9,8,0,0,0,2
3000200,1,8,7,1,0,0
3000301,4,0,0,0,0,0
3000501,3,1,1,1,0,0
3000502,3,0,0,0,0,0
3000700,3,0,0,1,0,0
3000900,22,9,2,0,0,0
3001100,40,5,3,1,0,0
3001300,13,3,1,1,0,0
3001501,27,5,1,0,0,0
3001502,20,11,0,0,0,0
3001801,5,1,0,0,0,0
3001802,4,1,0,0,0,0
3001803,1,0,0,0,0,0
3001804,0,1,0,0,0,0
3002000,3,7,1,1,0,0
3002100,24,7,3,0,0,0
3002200,1,7,1,0,0,0
3002300,35,2,2,0,0,0
3002901,12,2,1,1,0,0
3003000,0,1,1,0,0,0
3003101,10,7,1,1,0,0
3003102,4,0,0,0,0,0
3003300,16,2,1,0,0,0
3003400,0,1,0,0,0,0
3003500,25,2,3,0,0,1
3003600,3,0,0,0,0,0
3003700,42,6,0,1,0,0
3003900,4,2,0,0,0,0
3004100,22,8,2,0,0,2
3004300,7,2,0,1,1,0
3004400,0,2,0,0,0,0
3004500,3,0,0,0,0,0
3004600,0,1,0,0,0,0
3004700,4,0,0,0,0,0
3004900,1,0,0,0,0,0
3005100,0,1,0,0,0,0
3005201,0,2,0,0,0,0
3005301,10,4,0,0,0,2
3005302,14,10,2,0,0,2
3005400,3,15,1,0,0,1
3005601,0,1,0,0,0,0
3005602,2,2,0,0,0,0
3005800,2,1,0,1,0,0
3005900,3,7,1,1,0,1
3006000,2,2,0,0,0,0
3006200,1,3,0,0,0,1
3006300,1,2,0,0,0,0
3006400,2,0,1,0,0,0
3006500,4,6,0,2,0,0
3006600,2,2,0,0,0,0
3006700,1,3,0,0,0,0
3006800,3,5,1,1,0,7
3006901,12,1,1,2,0,0
3006902,3,3,1,0,0,3
3007000,0,2,0,1,0,1
3007100,30,8,2,0,0,1
3007200,0,2,0,0,0,0
3007400,4,16,3,0,0,1
3007500,10,5,2,1,0,0
3007600,2,11,1,0,0,0
3007700,6,8,1,0,0,0
3007800,0,1,5,1,0,1
3008000,3,4,2,0,0,2
3008200,2,2,0,0,0,0
3008400,4,5,1,0,0,0
3008500,26,13,5,0,0,1
3008600,0,2,0,0,0,0
3008800,2,1,0,0,0,0
3009002,0,0,1,0,0,0
3009201,0,1,0,0,0,0
3009202,0,4,0,0,0,0
3009401,0,0,0,9,0,0
3009402,4,3,1,0,0,0
3009600,2,1,1,3,0,0
3009800,0,12,4,2,0,0
3010000,0,7,1,2,0,0
3010100,0,3,1,0,0,0
3010200,0,9,0,1,0,0
3010401,1,1,0,6,0,0
3010402,1,2,0,1,0,1
3010601,0,1,0,4,0,0
3010602,0,1,0,5,0,0
3010801,2,2,2,1,0,0
3010802,0,0,0,4,0,0
3011000,0,3,1,0,0,0
3011200,2,11,0,0,0,0
3011400,0,4,0,0,0,0
3011600,1,0,0,4,0,0
3011700,1,2,0,0,0,0
3011800,5,1,0,0,0,0
3011901,8,3,0,0,0,0
3011902,4,3,1,0,0,0
3012000,1,0,0,2,0,0
3012100,2,3,1,0,0,0
3012200,0,4,4,0,0,0
3012600,2,3,1,0,0,7
3012700,8,7,4,0,0,0
3012901,5,4,1,0,0,1
3012902,14,1,0,0,0,0
3013000,1,9,0,0,0,2
3013100,6,5,0,0,0,0
3013300,1,2,0,0,0,0
3013400,0,1,0,0,0,1
3013500,2,3,1,1,0,0
3013600,0,0,0,1,0,0
3013700,4,3,3,0,0,0
3013800,0,2,0,1,0,0
3013900,9,10,1,1,0,0
3014000,0,0,0,0,0,2
3014101,0,3,0,0,0,0
3014102,1,0,0,0,0,0
3014200,0,2,0,2,0,1
3014300,1,5,0,0,0,0
3014901,1,0,0,0,0,0
3014902,0,1,0,0,0,0
3015100,1,0,0,0,0,0
3015200,0,1,0,0,0,0
3015300,2,0,0,0,0,0
3015400,0,1,0,0,0,0
3015500,1,0,0,0,0,0
3015700,1,0,0,0,0,0
3015900,6,4,1,0,0,0
3016000,4,6,0,2,0,0
3016100,10,1,0,0,0,0
3016200,4,2,0,0,0,2
3016300,2,2,1,0,0,0
3016600,0,1,0,0,0,0
3016800,2,0,4,0,0,0
3016900,2,3,1,0,0,0
3017000,0,0,0,0,0,1
3017100,1,2,0,0,0,0
3017200,0,1,0,0,0,1
3017400,0,1,0,0,0,0
3017500,0,1,0,0,0,0
3017600,0,1,0,0,0,0
3017700,8,1,0,1,0,0
3017800,1,3,0,0,0,0
3017900,11,0,1,0,0,0
3018000,1,1,0,0,0,0
3018100,7,0,0,0,0,0
3018200,0,0,0,0,0,1
3018300,7,3,1,0,0,0
3018501,29,0,2,1,0,0
3018700,2,0,0,1,0,0
3019000,1,5,0,0,0,1
3019100,10,3,1,1,0,0
3019200,0,3,2,0,0,0
3019300,3,2,2,0,0,0
3019400,0,0,0,0,0,1
3019500,1,0,0,0,0,0
3019600,0,3,0,0,0,0
3019700,3,0,0,0,0,0
3019800,0,0,0,1,0,0
3019900,12,0,1,0,0,0
3020000,1,0,0,0,0,0
3020100,5,1,0,0,0,0
3020300,1,0,0,0,0,0
3020400,0,1,0,0,0,0
3020600,0,2,0,0,0,0
3020700,0,1,0,0,0,0
3020800,0,0,0,1,0,2
3021000,0,0,0,2,0,0
3021100,7,12,2,0,0,0
3021200,0,9,0,1,0,0
3021300,7,0,0,0,0,0
3021400,3,3,2,1,0,0
3021500,9,0,0,0,0,0
3021700,4,1,1,0,0,0
3021800,1,0,0,0,0,0
3021900,2,1,0,0,0,0
3022000,2,1,0,1,0,0
3022100,3,2,0,0,0,0
3022200,1,0,1,0,0,0
3022400,1,1,0,0,0,0
3022600,1,2,0,0,0,0
3022700,15,3,0,0,0,0
3022800,2,0,0,0,0,0
3022900,2,1,0,0,0,0
3023000,0,3,0,0,0,0
3023100,12,0,0,0,0,0
3023200,1,5,0,0,0,0
3023300,24,3,2,0,0,0
3023400,0,2,0,1,0,0
3023500,5,8,0,0,0,0
3023600,0,1,0,0,0,1
3024100,11,6,4,0,0,0
3024200,1,5,0,0,0,0
3024300,9,1,0,0,0,0
3024500,7,5,0,0,0,0
3024600,2,1,0,0,0,0
3024700,35,4,2,0,0,2
3024800,1,3,0,0,0,0
3024900,7,0,0,0,0,0
3025000,1,1,0,0,0,0
3025100,17,4,0,1,0,0
3025200,0,9,2,0,0,0
3025300,13,3,2,0,0,0
3025400,1,2,0,0,0,0
3025500,39,9,5,0,0,0
3025600,0,0,0,0,0,1
3025700,6,5,0,1,0,0
3025800,1,1,0,2,0,0
3025901,10,0,0,0,0,0
3025902,17,6,2,0,0,0
3026000,1,3,0,0,0,0
3026100,7,3,0,0,0,0
3026200,0,2,0,0,0,0
3026300,11,0,0,0,0,0
3026400,1,12,1,1,0,0
3026500,23,1,0,0,0,0
3026600,0,4,0,0,0,0
3026700,8,0,0,0,0,0
3026900,10,1,0,0,0,0
3027000,3,1,0,0,0,0
3027100,40,5,1,0,0,1
3027200,0,1,0,0,0,0
3027300,10,1,0,0,0,0
3027400,1,1,0,0,0,0
3027500,9,0,1,0,0,0
3027600,1,1,0,0,0,0
3027700,24,3,0,1,0,0
3027800,0,9,0,2,0,0
3027900,23,1,0,0,0,0
3028000,0,2,0,0,0,0
3028100,25,1,1,0,0,0
3028200,0,1,0,0,0,0
3028300,32,5,1,0,0,1
3028400,0,1,0,0,0,0
3028501,3,6,1,0,0,0
3028502,24,7,1,0,0,0
3028600,0,2,0,0,0,0
3028700,36,6,0,0,0,0
3028800,1,2,1,0,0,0
3028900,12,2,0,0,0,0
3029000,8,2,1,0,0,0
3029100,9,0,0,0,0,0
3029200,0,5,0,0,1,1
3029300,28,0,0,1,0,0
3029400,6,3,1,0,0,0
3029500,9,1,0,0,0,0
3029600,1,5,2,0,0,0
3029700,32,1,0,0,0,0
3029800,0,1,0,1,0,0
3029900,29,3,1,0,0,0
3030000,1,3,0,0,0,0
3030100,19,2,1,0,0,0
3030200,1,1,1,0,0,1
3030300,26,1,1,0,0,0
3030400,0,1,0,0,0,0
3030500,10,2,1,0,0,0
3030700,38,0,0,1,0,0
3030800,2,1,0,0,0,0
3030900,22,2,1,0,0,0
3031100,17,1,0,0,0,0
3031300,10,1,0,0,0,0
3031401,3,6,0,1,0,0
3031500,14,0,2,0,0,2
3031701,10,0,1,0,0,0
3031702,5,1,0,0,0,0
3031900,10,0,0,0,0,0
3032100,14,0,1,0,0,0
3032300,8,0,0,0,0,1
3032500,18,0,0,0,0,0
3032600,46,17,4,0,0,0
3032700,9,0,0,0,0,0
3032800,20,7,2,0,0,0
3032900,14,3,0,1,0,0
3033000,14,1,1,1,0,0
3033100,10,0,0,0,0,0
3033300,4,3,0,0,0,0
3033500,1,0,1,0,0,0
3033600,1,0,0,0,0,0
3033701,2,1,0,0,0,0
3033702,6,1,0,0,0,0
3033900,16,3,0,0,0,0
3034000,10,0,0,0,0,0
3034100,9,1,1,0,0,0
3034200,48,10,1,1,0,0
3034300,29,0,0,0,0,0
3034500,13,0,1,0,0,0
3034700,15,1,1,0,0,0
3034800,9,9,3,2,0,6
3034901,18,1,2,0,0,0
3034902,18,0,3,0,0,0
3035000,11,6,0,0,0,0
3035101,10,0,1,0,0,0
3035102,11,1,1,0,0,0
3035200,17,11,3,0,0,0
3035301,28,0,0,0,0,1
3035302,4,1,1,0,0,0
3035400,7,7,0,1,0,0
3035500,25,3,3,0,0,0
3035602,3,3,0,0,0,0
3035701,24,2,0,0,0,0
3035702,6,2,1,0,0,0
3035900,26,1,0,0,0,0
3036001,2,5,0,3,0,0
3036002,5,5,0,0,0,1
3036100,30,1,2,0,0,0
3036200,7,5,1,0,0,0
3036300,24,5,2,0,0,0
3036400,3,3,2,0,0,0
3036501,8,0,1,0,0,0
3036502,19,1,1,0,0,0
3036600,0,4,2,0,0,0
3036700,38,9,2,0,0,0
3036900,32,0,1,1,0,0
3037000,3,4,0,0,0,0
3037100,1,2,0,0,0,0
3037300,17,2,1,0,0,0
3037401,0,6,0,0,0,0
3037402,2,6,0,0,0,2
3037500,18,0,0,0,0,0
3037700,8,1,0,0,0,0
3037900,25,0,2,0,0,0
3038100,45,2,1,0,0,0
3038200,20,4,6,0,0,0
3038300,8,0,0,0,0,0
3038500,10,1,0,0,0,0
3038600,1,3,1,1,0,1
3038700,26,9,1,0,0,0
3038900,12,8,1,0,0,0
3039000,0,1,1,0,0,0
3039100,10,7,0,0,0,0
3039200,0,1,0,0,0,0
3039300,5,8,0,0,0,0
3039400,0,1,0,0,0,0
3039500,4,3,1,0,0,0
3039600,1,0,0,0,0,0
3039700,13,4,2,0,0,0
3039800,0,1,0,1,0,0
3039900,7,4,0,0,0,0
3040000,2,0,0,0,0,0
3040100,6,1,1,0,0,0
3040200,0,3,0,0,0,0
3040300,2,1,1,0,0,0
3040400,1,0,0,0,0,0
3040500,3,2,1,0,0,0
3040600,0,2,0,0,0,0
3040800,1,3,0,0,0,1
3040900,1,2,2,0,0,0
3041100,5,4,0,0,0,0
3041200,0,5,1,2,0,0
3041300,10,3,0,0,0,0
3041401,0,4,0,0,0,0
3041500,2,4,0,0,0,0
3041600,0,2,0,0,0,0
3041700,11,3,0,0,0,0
3041800,1,0,0,0,0,0
3041900,18,3,1,0,0,0
3042000,0,3,0,0,0,0
3042100,2,1,2,0,0,0
3042200,0,2,0,0,0,0
3042300,2,4,1,0,0,0
3042400,0,3,0,0,0,0
3042500,5,7,0,0,0,0
3042600,0,4,0,0,0,0
3042700,7,7,0,0,0,0
3042800,1,6,0,0,0,0
3042900,1,19,11,0,0,0
3043000,5,6,1,0,0,0
3043100,5,27,4,0,0,0
3043200,0,2,0,0,0,0
3043300,10,15,6,1,0,0
3043400,2,1,0,1,0,0
3043500,4,6,2,0,0,0
3043700,4,5,2,0,0,0
3043800,0,1,0,0,0,0
3043900,5,13,4,0,0,0
3044000,0,2,1,0,0,0
3044100,4,17,1,0,0,0
3044300,2,12,2,1,0,0
3044400,3,0,0,0,0,0
3044500,3,4,1,0,0,0
3044600,1,2,0,0,0,0
3044700,3,7,2,0,0,0
3044800,0,5,0,0,0,0
3044901,14,8,4,0,0,0
3044902,3,2,1,0,0,0
3045000,0,1,0,0,0,0
3045200,1,1,0,0,0,0
3045300,4,1,0,0,0,0
3045400,2,0,0,0,0,0
3045600,0,0,0,0,0,1
3046000,1,1,0,0,0,0
3046201,0,1,0,0,0,0
3046202,0,1,0,0,0,2
3046400,2,3,0,0,0,1
3046800,0,1,0,0,0,0
3047000,0,2,0,0,0,0
3047200,0,1,0,0,0,1
3047400,0,1,0,0,0,0
3047600,2,2,0,1,0,1
3047700,8,11,2,0,0,0
3047800,1,0,1,0,0,2
3048000,3,5,1,0,0,0
3048100,3,1,0,0,0,0
3048200,2,0,0,0,0,0
3048400,3,0,0,0,0,0
3048500,5,1,2,0,0,0
3048600,0,2,0,0,0,0
3048800,0,1,0,0,0,1
3048900,30,8,3,0,0,0
3049000,0,3,0,0,0,0
3049100,16,8,4,0,0,0
3049200,0,1,1,1,0,0
3049301,6,3,0,0,0,0
3049302,20,8,3,0,0,0
3049400,0,1,2,0,0,0
3049500,4,6,0,0,0,0
3049600,2,2,0,0,0,0
3049700,11,4,0,0,0,2
3049800,1,2,1,0,0,0
3049900,5,7,3,0,0,0
3050001,1,0,1,0,0,0
3050100,2,6,1,0,0,0
3050300,2,3,1,0,0,0
3050402,1,0,0,0,0,0
3050500,9,3,3,0,0,0
3050600,6,2,2,0,0,0
3050700,6,4,2,0,0,0
3050801,7,1,0,0,0,0
3050803,6,1,0,0,0,0
3050804,3,0,0,0,0,0
3050900,2,2,0,0,0,0
3051001,7,3,1,0,0,0
3051002,15,1,0,0,0,0
3051100,3,2,2,0,0,0
3051200,8,1,0,0,0,0
3051300,6,8,1,0,0,0
3051400,10,0,0,0,0,0
3051500,5,2,0,0,0,0
3051601,7,1,0,0,0,0
3051602,9,4,0,0,0,0
3051700,3,1,0,0,0,1
3051800,3,0,0,0,0,0
3051900,16,12,3,0,0,0
3052000,2,3,0,0,0,0
3052300,5,10,2,0,0,0
3052500,4,6,0,0,0,0
3052600,0,1,0,0,0,0
3052700,6,15,3,0,0,0
3052900,11,5,0,0,0,0
3053000,1,2,0,0,0,0
3053101,1,0,0,0,0,0
3053102,0,1,0,0,0,0
3053200,0,1,0,0,0,0
3053300,0,1,0,0,0,0
3053400,2,1,0,0,0,0
3053500,4,0,0,0,0,0
3053700,1,0,0,0,0,0
3053800,8,2,0,2,0,0
3053900,0,1,0,0,0,0
3054200,1,6,0,0,0,0
3054300,1,0,2,1,0,0
3054400,0,1,0,0,0,0
3054500,8,1,1,0,0,0
3054700,1,0,0,0,0,0
3054900,5,1,0,0,0,0
3055000,1,1,0,0,0,0
3055100,3,5,1,0,0,1
3055200,4,5,1,0,0,0
3055300,21,18,6,0,0,1
3055400,2,9,0,1,0,0
3055500,9,11,1,0,0,0
3055600,1,10,0,1,0,0
3055700,6,5,3,0,0,1
3056000,0,4,0,0,0,0
3056100,6,11,6,0,0,0
3056200,0,2,0,0,0,0
3056301,0,6,1,0,0,0
3056400,1,2,0,0,0,0
3056500,2,3,0,0,0,0
3056600,2,2,0,0,0,0
3056800,1,0,0,0,0,0
3056900,10,3,3,0,0,0
3057100,4,3,0,0,0,0
3057200,20,2,0,0,0,0
3057300,0,1,0,0,0,0
3057400,0,3,0,0,0,0
3057500,4,6,2,0,0,0
3057600,1,0,0,0,0,0
3057800,0,2,0,1,0,0
3057901,1,4,0,0,0,0
3057902,1,5,0,0,0,0
3058000,1,5,0,0,0,0
3058200,0,2,0,0,0,0
3058400,0,2,0,0,0,0
3058600,0,2,0,0,0,0
3058800,0,1,0,0,0,0
3058901,2,2,0,0,0,0
3059000,1,2,0,1,0,0
3059100,1,8,1,0,0,0
3059200,1,6,1,0,0,1
3059300,3,1,0,0,0,0
3059402,9,3,0,0,0,0
3059403,0,4,0,0,0,0
3059404,4,2,0,0,0,0
3059600,6,1,0,0,0,0
3059800,5,5,1,0,0,0
3060000,4,3,0,0,0,8
3060600,3,5,0,1,0,0
3060800,7,7,0,1,0,1
3061002,3,5,0,0,0,0
3061003,0,2,0,0,0,1
3061004,0,6,0,0,0,1
3061200,0,1,0,0,0,0
3062200,1,1,0,0,0,0
3062600,17,0,0,0,0,0
3062800,3,1,0,0,0,0
3063200,3,3,0,0,0,0
3063600,0,0,0,1,0,0
3064000,0,1,0,0,0,0
3064200,2,5,0,1,0,0
3064400,1,3,0,1,0,0
3064600,1,2,0,0,0,0
3064800,3,3,0,0,0,0
3065000,2,1,0,0,0,0
3065200,3,2,0,0,0,1
3065400,1,2,0,0,0,0
3065600,0,3,0,0,0,0
3065800,1,1,0,0,0,0
3066200,17,1,0,0,0,0
3066600,3,1,0,1,0,0
3067000,17,0,0,0,0,0
3067200,10,4,0,0,0,0
3067400,2,1,0,0,0,0
3067600,9,2,0,0,0,0
3067800,2,0,0,0,0,0
3068000,8,0,0,0,0,0
3068200,12,1,0,0,0,0
3068600,10,0,0,0,0,0
3068800,1,0,0,0,0,0
3069000,6,3,1,0,0,0
3069200,6,0,0,0,0,0
3069601,11,5,0,1,0,0
3069602,13,6,0,0,0,0
3069800,24,4,2,1,0,0
3070000,1,0,0,0,0,0
3070201,2,5,0,0,0,0
3070202,1,0,0,0,0,0
3070601,1,0,0,0,0,0
3072000,3,0,1,0,0,0
3072200,15,1,0,0,0,0
3072400,14,0,0,0,0,1
3072600,8,0,0,0,0,0
3072800,8,2,0,0,0,0
3073000,6,0,1,0,0,0
3073200,4,0,0,0,0,0
3073400,5,0,0,0,0,0
3073600,3,0,0,0,0,0
3073800,1,1,0,0,0,0
3074000,9,0,0,0,0,0
3074200,8,2,0,0,0,0
3074600,2,1,0,0,0,0
3074800,0,1,0,0,0,0
3075000,1,1,0,0,0,0
3075200,1,0,0,0,0,0
3076200,2,0,0,0,0,0
3076400,3,0,0,0,0,0
3076600,1,0,0,0,0,0
3076800,1,0,0,0,0,0
3077000,8,0,0,0,0,0
3077200,4,0,0,0,0,0
3077400,21,0,1,0,0,0
3077600,5,0,0,0,0,0
3078000,3,0,0,0,0,0
3078200,13,1,0,0,0,0
3078400,6,1,0,0,0,0
3078601,12,1,0,0,0,0
3078602,4,0,1,0,0,0
3078801,14,1,0,1,0,0
3078802,11,1,0,0,0,0
3079001,5,0,0,0,0,0
3079002,2,2,1,0,0,0
3079201,7,1,0,0,0,0
3079202,8,1,0,0,0,0
3079400,22,0,1,1,0,0
3079601,6,0,0,0,0,0
3079602,9,0,2,0,0,0
3079801,3,0,0,0,0,1
3079802,21,2,0,0,0,1
3080000,8,0,0,0,0,0
3080200,6,2,1,0,0,0
3080400,9,0,2,0,0,0
3080600,2,1,0,0,0,0
3080800,14,2,0,0,0,0
3081000,3,0,0,0,0,0
3081400,4,0,0,0,0,1
3081600,7,0,0,0,0,0
3081800,12,3,1,0,0,0
3082000,11,2,0,0,0,0
3082200,9,1,0,0,0,0
3082400,25,3,0,0,0,0
3082600,7,1,0,0,0,0
3082800,10,3,0,0,0,0
3083000,16,2,0,0,0,0
3083200,4,0,0,0,0,0
3083600,1,0,0,0,0,0
3084000,7,0,0,0,0,0
3084600,1,0,0,0,0,0
3084800,4,0,0,0,0,0
3085000,7,0,0,0,0,0
3085200,1,0,0,0,0,0
3085400,6,1,0,0,0,0
3085600,12,2,0,0,0,0
3085800,8,0,0,0,0,0
3086000,12,0,0,0,0,1
3086200,15,0,0,0,0,1
3086400,10,1,1,0,0,0
3086600,10,0,0,0,0,0
3086800,25,3,0,0,0,0
3087000,12,0,1,0,0,0
3087200,4,0,0,0,0,0
3087401,7,3,0,0,0,0
3087600,6,1,0,0,0,0
3087800,17,0,0,0,0,0
3088001,3,0,0,0,0,0
3088002,8,1,0,0,0,0
3088200,30,1,0,0,0,0
3088400,16,0,1,0,0,0
3088600,15,0,0,0,0,0
3088800,9,0,0,0,0,0
3089000,29,3,0,0,0,0
3089200,33,1,0,0,0,1
3089400,17,2,0,0,0,0
3089600,15,1,0,1,0,0
3089800,14,0,1,0,0,0
3090000,22,0,0,0,0,0
3090200,14,0,1,0,0,0
3090600,58,9,3,0,0,0
3090800,43,2,2,0,0,0
3091000,49,2,4,0,0,0
3091200,49,2,3,0,0,0
3091600,31,5,3,0,0,0
3091800,31,1,0,0,0,0
3092000,31,3,1,0,0,0
3092200,16,1,1,2,0,0
3092400,43,3,2,0,0,0
3092800,10,0,0,0,0,0
3093000,6,0,0,1,0,0
3093200,10,5,0,0,0,0
3093400,3,0,0,0,0,0
3093600,3,1,0,0,0,0
3093800,9,0,0,0,0,0
3094401,9,0,0,0,0,0
3094402,18,0,0,0,0,0
3094600,9,0,0,0,0,0
3095000,14,0,1,0,0,1
3095400,8,0,1,0,0,0
3095600,16,1,0,0,0,0
3095800,10,0,0,0,0,0
3096000,8,0,1,0,0,0
3096200,4,0,0,0,0,0
3096400,18,2,0,0,0,0
3096600,7,3,0,0,0,0
3096800,10,0,1,0,0,0
3097000,7,2,0,0,0,0
3097400,9,4,0,0,0,0
3098200,19,8,1,0,0,1
3098400,9,2,0,0,0,0
3098600,7,0,0,0,0,0
3098800,12,1,1,0,0,0
3099000,1,0,0,0,0,0
3099400,6,0,0,0,0,0
3099600,4,1,0,0,0,0
3099800,4,1,0,0,0,0
3100400,1,0,0,0,0,0
3100600,5,1,0,0,0,0
3100800,9,0,0,0,0,0
3101000,8,0,2,0,0,0
3101200,3,0,0,0,0,0
3101400,1,2,0,0,0,0
3101800,3,0,0,0,0,0
3102000,3,0,0,1,0,0
3102200,4,1,0,0,0,0
3102400,1,1,0,0,0,0
3102600,2,2,0,0,0,0
3102801,18,2,0,0,0,1
3102802,1,0,0,0,0,0
3103401,24,1,0,0,0,0
3103402,6,0,0,0,0,0
3105804,12,2,2,0,0,0
3107001,24,1,0,0,0,0
3107800,9,1,0,0,1,0
3109800,13,3,1,0,0,0
3110400,70,4,5,0,0,1
3110600,36,2,0,0,0,0
3111000,10,0,1,0,0,0
3111600,24,3,1,0,0,0
3111800,6,3,1,0,0,0
3112000,23,4,2,0,0,0
3112200,31,0,0,0,0,0
3112400,32,2,1,0,0,0
3112600,33,3,0,0,0,0
3112800,40,1,1,0,0,0
3113000,25,1,1,0,0,0
3113200,12,3,1,0,0,0
3113400,23,5,0,0,0,0
3114201,2,0,0,0,0,0
3114400,26,2,2,0,0,0
3114600,5,2,3,0,0,0
3115000,6,1,0,0,0,0
3115200,30,3,0,0,0,1
3115600,72,5,4,0,0,0
3115800,15,2,1,0,0,0
3116000,15,1,1,0,0,0
3116200,3,1,1,0,0,0
3116400,6,0,1,0,0,0
3116600,15,1,3,0,0,0
3116800,7,3,2,0,0,0
3117000,11,1,2,0,0,0
3117201,4,0,2,1,0,0
3117202,1,2,0,0,0,0
3117400,6,2,2,0,0,0
3117601,2,4,0,0,0,0
3117602,3,10,1,1,0,0
3117800,11,3,1,0,0,1
3118201,3,2,0,0,0,0
3118202,1,2,0,0,0,0
3118400,5,7,2,0,0,0
3118600,4,1,1,2,0,0
3118800,7,1,0,0,0,0
3119000,2,3,1,0,0,0
3119200,9,2,0,0,0,0
3119400,16,1,2,0,0,0
3119600,21,1,2,1,0,0
3119800,18,8,3,0,0,0
3120000,9,0,0,0,0,0
3120200,8,2,3,0,0,0
3120801,4,1,0,0,0,0
3120802,10,2,0,0,0,0
3120803,4,0,0,0,0,0
3121000,24,5,1,0,0,0
3121400,16,0,1,0,0,0
3122000,34,2,1,0,0,0
3123700,8,4,3,0,0,0
3152200,4,1,1,0,0,0
4000101,4,3,0,1,0,0
4000102,1,1,0,0,0,0
4000400,2,0,0,0,0,0
4000600,1,0,1,0,0,0
4000701,3,11,1,0,0,0
4000702,5,2,0,0,0,0
4000800,0,3,0,0,0,0
4001000,3,4,0,0,0,0
4001200,0,1,0,0,0,0
4001400,1,0,0,0,0,0
4001600,1,8,1,0,0,0
4001800,3,5,1,0,0,0
4001901,1,0,0,0,0,0
4001902,3,5,0,0,0,0
4001903,0,3,1,0,0,0
4002000,2,0,0,0,0,0
4002200,1,0,0,0,0,0
4002400,1,0,0,0,0,0
4002500,18,6,1,0,0,0
4002600,0,3,0,0,0,0
4002800,1,5,2,0,0,0
4003000,2,2,0,0,0,0
4003100,1,6,0,1,0,0
4003200,1,1,0,0,0,0
4003301,3,7,1,0,0,2
4003302,10,12,1,2,0,2
4003400,6,2,1,0,1,0
4003600,2,2,1,0,0,0
4003700,0,1,0,0,0,0
4003800,1,0,0,1,0,0
4003900,0,3,0,0,0,0
4004001,3,1,1,1,0,0
4004002,6,1,0,0,0,0
4004200,0,0,1,2,0,0
4004300,6,2,1,0,0,1
4004401,9,11,0,1,0,0
4004500,1,6,0,0,0,0
4004700,18,3,4,4,1,0
4005000,3,0,1,0,0,0
4005100,2,0,0,1,0,3
4005200,4,7,0,0,0,0
4005300,5,2,0,0,0,0
4005400,10,4,0,5,0,0
4005500,1,2,0,0,0,0
4005700,1,0,1,0,0,1
4005800,6,3,0,0,0,0
4005900,2,3,1,0,0,0
4006100,1,5,0,1,0,0
4006201,0,0,0,1,0,0
4006202,2,4,0,0,0,0
4006300,4,10,0,1,0,1
4006501,5,8,1,0,0,1
4006502,3,4,3,0,0,0
4006900,1,3,1,0,0,0
4007100,3,5,0,0,0,0
4007300,0,0,0,0,0,1
4007500,1,2,0,0,0,0
4007700,1,2,0,0,0,0
4007900,2,1,0,0,0,0
4008100,0,1,0,0,0,0
4008300,2,3,0,0,0,0
4008500,6,7,0,0,0,0
4008600,9,4,1,0,0,0
4008700,17,11,1,0,0,0
4008800,6,3,0,2,0,0
4009100,1,0,0,0,0,0
4009400,3,1,2,4,0,0
4009600,1,1,0,1,0,0
4009700,1,0,0,0,0,0
4009800,1,0,0,4,1,0
4010000,4,1,1,3,0,0
4010100,0,1,0,0,0,0
4010200,6,1,0,5,3,0
4010300,1,1,0,0,0,0
4010400,1,1,0,3,0,0
4010500,0,5,0,0,0,0
4010600,12,0,1,5,0,0
4010800,2,2,0,0,0,0
4011000,2,1,0,0,0,0
4011200,9,3,0,6,0,0
4011300,2,4,0,0,0,1
4011500,1,3,1,0,0,0
4011600,0,2,0,0,0,0
4011700,0,3,0,0,0,0
4011800,0,1,0,2,0,0
4012000,1,1,0,1,0,0
4012100,0,1,0,0,0,0
4012200,1,1,1,0,0,0
4012301,1,6,2,0,0,0
4012400,4,2,0,0,0,0
4012500,2,9,0,1,0,0
4012601,3,3,0,0,0,0
4012602,2,0,0,1,0,0
4013400,1,1,0,0,0,1
4013500,1,0,0,0,0,0
4013600,0,2,0,0,0,0
4013700,3,2,2,0,0,0
4013800,0,1,0,0,0,0
4014000,2,1,1,0,0,0
4014100,3,2,0,0,0,0
4014201,1,2,0,1,0,0
4014202,10,3,0,2,0,0
4014300,0,2,1,0,0,0
4014400,1,1,0,2,0,0
4014500,0,0,0,0,0,3
4014700,4,1,0,0,0,0
4014900,0,2,0,0,0,0
4015000,3,0,0,3,0,0
4015100,0,2,0,0,0,0
4015200,0,0,0,4,0,0
4015300,2,1,0,0,0,1
4015500,9,11,0,2,0,0
4015700,2,5,1,0,0,0
4015801,2,1,3,4,0,0
4015802,0,0,0,2,0,0
4015900,3,2,0,0,0,0
4016100,4,8,1,0,0,0
4016300,13,2,0,0,0,0
4016400,2,1,0,9,0,0
4016600,4,0,1,3,0,0
4016800,0,0,0,3,0,0
4016900,0,0,1,0,0,0
4017000,1,0,0,2,1,0
4017102,5,2,2,0,0,0
4017200,3,0,0,3,0,0
4017400,2,1,0,3,0,0
4017600,1,1,0,0,0,0
4017901,0,2,0,0,0,0
4017902,2,1,0,0,0,1
4018000,5,0,0,1,0,0
4018101,3,1,1,0,0,0
4018102,1,1,0,0,0,0
4018200,4,0,0,0,0,0
4018300,0,3,0,0,0,0
4018401,13,0,0,0,0,0
4018402,14,0,0,1,0,0
4018502,1,2,0,0,0,0
4018600,1,0,0,0,0,0
4018700,0,4,0,0,0,0
4018800,2,0,0,0,0,0
4018900,0,11,0,0,0,0
4019000,19,0,0,0,0,0
4019200,6,1,0,0,0,0
4019400,1,0,1,0,0,0
4019600,11,3,1,2,0,0
4019800,14,2,0,0,1,0
4019901,0,1,0,0,0,0
4019902,1,0,0,0,0,0
4020200,2,1,0,0,0,0
4020400,10,2,0,1,0,0
4020500,0,1,0,0,0,0
4020600,3,3,0,0,0,0
4020800,31,11,0,4,0,0
4021200,32,6,0,0,0,0
4021400,13,9,1,4,0,0
4021601,1,1,0,0,0,0
4021602,2,0,0,0,0,0
4021603,3,0,0,0,0,0
4021900,1,0,0,0,0,0
4022001,1,1,0,1,0,0
4022002,4,1,0,0,0,0
4023000,2,0,0,1,0,0
4023200,1,2,1,0,0,0
4023501,1,1,0,0,0,0
4023502,2,0,0,0,0,0
4023600,9,4,1,1,0,0
4023800,4,2,0,4,0,0
4024000,23,4,1,0,0,0
4024300,0,1,1,1,0,0
4024600,13,0,2,2,0,0
4024900,1,3,1,0,0,0
4025100,2,1,0,0,0,0
4025301,0,10,2,1,0,0
4025302,2,6,0,1,0,1
4025401,7,1,0,0,0,0
4025402,25,0,3,0,0,0
4025500,3,2,0,0,0,0
4025700,0,3,0,0,0,0
4025800,11,2,0,1,0,0
4025900,1,0,0,0,0,0
4026000,16,2,1,0,0,0
4026100,1,4,1,1,0,0
4026200,3,2,0,2,0,0
4026300,0,5,0,0,0,1
4026400,3,2,0,0,0,0
4026501,2,4,1,0,0,2
4026502,0,1,0,0,0,0
4026600,8,1,0,0,0,0
4026700,4,23,2,2,0,0
4026901,0,11,3,0,0,0
4026902,0,3,0,0,0,0
4027000,1,0,0,0,0,0
4027101,0,3,0,0,0,0
4027102,0,9,1,0,0,0
4027200,26,1,0,0,0,0
4027301,0,21,2,0,0,0
4027302,0,4,2,0,0,0
4027400,3,0,0,0,0,0
4027500,1,5,1,0,0,0
4027600,3,0,0,0,0,0
4027701,0,15,1,1,0,1
4027702,1,3,3,0,0,0
4027800,16,1,1,0,0,0
4027900,0,4,0,0,0,0
4028000,12,0,0,0,0,0
4028100,2,6,1,0,0,0
4028200,6,1,0,0,0,0
4028300,0,6,0,0,0,0
4028400,10,0,0,0,0,0
4028500,0,2,0,0,0,0
4028700,2,4,1,0,0,0
4028801,9,0,1,0,0,0
4028802,3,2,0,0,0,0
4028803,2,0,0,0,0,0
4028900,0,3,0,1,0,2
4029100,0,4,0,0,0,1
4029300,0,0,2,0,0,0
4029400,29,4,0,2,0,0
4029500,1,1,0,0,0,0
4029700,2,2,0,0,0,0
4029900,1,3,0,0,0,0
4030600,11,1,0,0,0,0
4030903,0,6,0,0,0,0
4030904,0,2,2,0,0,0
4030906,0,2,0,0,0,0
4031700,0,1,0,0,0,1
4032000,32,1,1,3,0,0
4032700,0,1,0,0,0,0
4032800,12,0,0,1,0,0
4032900,2,1,0,0,0,0
4033000,12,1,0,0,0,0
4033401,27,0,0,0,1,0
4033403,13,1,0,0,0,0
4033404,6,0,0,0,0,0
4033405,9,0,0,0,0,0
4033700,0,1,0,0,0,0
4033900,0,1,1,0,0,0
4034700,1,4,0,0,0,0
4035100,1,0,0,0,0,0
4035200,10,0,0,2,1,0
4035300,1,2,0,0,0,0
4035700,0,1,0,0,0,0
4035800,25,1,3,0,0,0
4036100,0,0,1,0,0,0
4036300,2,1,1,0,0,0
4036500,1,1,0,0,0,0
4036600,10,0,0,0,0,0
4036700,0,2,0,0,0,0
4036800,2,0,0,0,0,0
4037100,1,1,0,0,0,0
4037501,0,2,0,0,0,0
4037600,10,0,0,0,0,0
4037700,1,6,0,0,0,1
4037900,2,3,2,0,0,0
4038100,0,1,0,0,0,0
4038301,0,3,1,0,0,0
4038302,8,12,1,1,0,0
4038400,4,0,1,0,0,0
4039400,17,0,0,0,0,0
4039800,1,0,0,0,0,0
4039901,0,18,2,0,0,0
4040000,5,1,0,0,0,0
4040101,1,1,0,0,0,0
4040102,0,3,0,0,0,0
4040200,2,2,0,0,0,0
4040301,1,1,0,0,0,0
4040302,1,4,0,0,0,0
4040400,8,0,0,0,0,0
4040501,1,13,0,0,0,0
4040502,3,13,2,1,0,0
4040701,0,3,0,0,0,0
4040702,0,1,2,0,0,0
4040901,0,2,0,0,0,0
4040902,0,9,0,0,0,0
4041100,1,3,0,0,0,0
4041300,0,4,0,0,0,0
4041400,17,0,2,0,0,0
4041500,1,2,0,0,0,0
4042400,5,0,0,0,0,0
4042600,1,0,0,0,0,0
4042700,3,4,0,0,0,0
4043200,4,0,0,0,0,0
4043400,2,1,1,0,0,0
4043701,5,7,3,0,0,0
4043702,1,2,0,0,0,0
4043900,2,3,1,0,0,0
4044000,7,1,1,0,0,0
4044301,0,11,0,0,0,0
4044302,6,5,0,1,0,0
4044400,20,9,3,8,0,0
4044601,35,7,2,0,0,0
4044602,12,2,1,1,0,0
4044800,0,2,0,0,0,0
4045000,0,1,0,0,0,0
4045200,0,0,0,1,0,0
4045400,1,0,0,3,0,0
4045500,9,2,1,0,0,0
4045700,0,2,0,0,0,0
4045800,1,0,0,0,0,0
4046000,5,1,1,1,0,0
4046100,0,1,0,0,0,0
4046200,5,3,0,0,0,0
4046300,1,9,1,0,0,0
4046400,0,1,0,0,0,0
4046500,4,15,2,0,0,0
4046600,5,3,0,0,0,1
4046700,2,4,0,0,0,0
4046800,9,2,2,0,0,0
4046901,0,4,0,0,0,0
4046902,0,10,2,0,0,0
4047000,1,1,0,2,0,0
4047100,1,3,0,0,1,1
4047200,0,0,0,1,0,0
4047300,5,1,1,1,0,0
4047500,2,1,0,0,0,1
4047600,1,0,0,0,0,0
4047801,0,7,0,0,1,0
4047900,1,0,0,2,0,0
4048000,0,0,0,2,0,0
4048100,0,3,0,1,0,0
4048200,2,0,0,0,0,0
4048301,3,0,0,0,0,0
4048400,3,2,1,0,0,0
4048500,2,7,0,0,0,0
4048900,2,4,0,0,0,0
4049201,2,2,1,0,0,0
4049202,0,1,0,0,0,0
4049301,0,2,0,0,0,0
4049302,0,6,1,0,0,0
4049500,0,2,0,0,0,0
4049700,0,2,0,0,0,0
4049900,2,1,1,0,0,0
4050000,7,1,1,2,0,0
4050201,1,0,0,0,0,0
4050202,2,0,0,0,0,0
4050400,4,0,0,0,0,0
4050500,0,1,0,0,0,0
4050700,3,1,0,0,0,0
4050800,6,1,0,0,0,0
4051000,1,0,0,0,0,0
4051100,0,1,0,0,0,0
4051200,4,0,1,0,0,0
4051300,0,7,0,1,0,0
4051600,1,0,0,0,0,0
4051700,0,5,0,0,0,0
4051800,3,1,0,0,0,0
4052000,4,0,0,0,0,0
4052100,2,1,0,0,0,0
4052200,5,0,0,0,0,0
4052600,2,1,0,1,0,0
4052800,2,0,0,0,0,0
4053000,4,0,0,0,0,0
4053100,0,1,0,0,0,0
4053200,4,0,0,0,0,0
4053401,9,0,0,0,0,1
4053501,4,0,0,0,0,0
4053601,1,2,0,0,0,0
4053800,1,0,0,0,0,0
4053901,0,7,2,0,0,0
4054000,3,0,0,0,0,0
4054200,5,1,0,0,0,0
4054500,0,1,1,0,0,0
4054700,0,3,2,0,0,0
4054800,3,0,1,0,0,0
4054900,2,10,0,0,0,0
4055100,1,4,0,1,0,0
4055200,7,0,0,1,0,0
4055300,11,6,0,1,0,0
4055400,1,1,0,0,0,0
4055500,5,8,4,0,0,0
4055700,0,0,0,0,0,0
4055800,2,0,0,0,0,0
4055900,8,2,0,0,0,0
4056000,4,0,0,2,0,0
4056100,2,2,0,0,0,0
4056400,2,0,0,1,0,0
4056500,0,2,0,0,0,0
4056600,1,0,0,0,0,0
4056700,0,2,0,0,0,0
4056800,16,1,0,0,0,1
4057700,1,4,2,0,0,1
4057900,0,2,0,0,0,0
4058000,0,2,0,0,0,0
4058100,6,4,1,0,0,0
4058200,7,0,0,0,0,0
4058300,1,1,0,0,0,0
4058500,0,8,0,1,0,0
4058700,0,1,0,0,0,0
4058900,6,1,1,0,0,0
4059000,3,0,0,0,0,0
4059100,0,6,3,0,0,0
4059300,3,2,0,1,0,0
4059501,1,6,0,0,0,0
4059502,0,3,0,0,0,0
4059600,1,0,0,0,0,0
4059800,3,0,0,0,0,0
4060100,0,4,0,0,0,0
4060300,1,4,2,0,0,0
4060600,1,0,0,0,0,0
4060701,0,1,0,0,0,0
4060800,4,0,0,0,0,0
4061000,1,0,0,1,0,0
4061301,1,8,0,1,0,0
4061601,2,0,0,0,0,0
4061602,2,0,0,0,0,0
4061900,1,3,0,0,0,0
4062100,2,0,0,0,0,0
4062200,3,0,0,0,0,0
4062300,1,1,0,0,1,0
4062500,0,1,0,0,0,0
4062600,10,0,0,0,0,0
4062700,1,3,1,0,0,0
4062900,3,2,4,0,0,1
4063000,6,0,0,0,0,0
4063200,17,0,1,1,0,0
4063301,0,1,0,0,0,0
4063500,1,4,0,0,0,0
4063700,12,14,1,0,0,1
4063800,3,0,0,0,0,0
4063900,0,1,1,0,0,0
4064102,1,1,0,0,0,0
4064500,3,1,2,0,0,0
4064600,5,0,0,0,0,0
4065000,3,0,0,0,0,0
4065401,9,0,0,0,0,0
4065600,11,3,1,0,0,0
4065702,1,0,1,0,0,0
4065703,1,0,0,1,0,0
4065900,0,4,0,0,0,0
4066000,1,1,0,0,0,0
4066100,0,4,0,0,0,0
4066301,0,0,1,0,0,0
4066302,0,1,0,0,0,0
4066401,4,0,0,0,0,0
4066402,3,0,0,0,0,0
4066403,1,0,0,0,0,0
4066501,0,3,0,0,0,0
4066701,1,1,0,0,0,0
4067100,1,3,0,0,0,0
4067700,0,1,0,0,0,0
4067900,3,1,0,0,1,0
4068000,10,0,0,0,0,0
4068200,2,0,0,0,0,0
4068300,5,8,1,0,0,0
4068700,1,1,0,0,0,0
4069000,5,0,0,0,0,0
4069300,17,22,3,2,0,0
4069400,16,0,0,0,0,0
4069500,1,0,1,0,0,0
4069701,0,7,0,0,0,0
4069702,1,1,0,1,0,0
4070300,4,1,2,0,0,0
4070700,0,7,0,0,0,0
4070900,0,1,0,1,0,0
4071100,25,22,1,0,0,0
4071303,3,1,0,1,0,0
4071304,1,2,0,0,0,0
4071305,7,3,1,1,0,1
4071306,7,8,1,0,0,0
4071600,1,6,1,0,0,1
4071701,11,11,0,2,0,0
4071702,5,5,1,0,0,0
4071900,0,3,0,0,0,0
4072100,1,4,0,0,0,0
4072300,1,4,0,0,0,0
4072900,0,3,0,0,0,0
4073700,13,14,2,2,0,0
4073900,2,6,0,0,0,0
4074100,4,3,0,0,0,0
4074300,7,2,0,0,0,0
4074500,1,6,1,0,0,0
4074700,2,9,2,0,0,0
4074900,2,0,0,0,0,0
4075701,1,2,0,0,0,0
4075702,0,2,0,1,0,0
4076901,4,7,1,2,0,0
4076902,3,4,0,1,0,0
4077300,4,1,0,0,0,0
4077500,1,2,0,0,0,0
4077902,1,4,0,0,0,0
4077903,0,1,1,0,0,0
4077904,1,5,0,0,0,0
4077905,5,0,0,0,0,0
4077907,3,2,1,1,0,0
4077908,5,4,0,0,0,0
4078800,5,0,0,0,0,0
4079000,4,0,0,0,0,0
4079200,1,0,0,0,0,0
4079701,2,0,1,6,0,0
4079702,0,1,0,4,0,0
4079900,0,2,0,1,0,0
4080301,1,0,0,0,0,0
4080302,0,9,0,0,0,0
4080900,1,6,0,1,0,1
4081400,17,3,2,2,0,1
4081800,7,0,0,4,0,0
4083700,2,1,1,1,0,0
4083800,2,1,2,3,0,0
4084000,13,8,1,10,5,2
4084500,1,2,0,5,1,1
4084601,3,0,0,0,0,0
4084602,1,5,0,0,0,0
4084901,0,4,0,10,0,0
4084902,6,3,0,12,0,0
4085300,7,7,4,1,0,3
4085500,2,0,0,1,0,0
4085700,1,3,0,1,0,0
4085900,1,2,0,0,0,0
4086100,0,0,0,1,0,0
4086300,0,0,0,1,0,0
4086400,12,9,1,4,0,1
4086500,8,4,1,2,0,0
4086900,12,7,1,2,0,0
4087100,26,29,5,5,0,0
4088400,7,8,0,2,0,0
4088902,6,0,0,1,0,0
4088903,0,1,0,1,0,0
4089201,0,3,0,3,0,0
4089202,1,0,0,0,0,0
4090700,3,2,0,7,0,0
4091900,0,3,0,1,0,1
4092200,3,0,0,0,0,0
4092500,5,8,1,0,0,0
4092800,0,0,1,0,0,0
4092900,0,5,0,0,0,0
4093401,5,0,0,0,0,0
4093402,0,8,0,1,0,0
4093800,15,6,1,0,0,0
4093900,1,5,0,2,0,0
4094201,6,1,1,0,0,0
4094202,27,6,2,1,0,0
4094203,6,6,2,0,0,0
4094500,8,10,1,0,0,1
4094700,0,10,1,2,0,0
4095400,22,2,1,1,0,0
4096400,11,1,1,0,0,0
4097202,17,1,1,0,0,0
4097204,25,1,1,0,0,0
4097205,25,2,2,0,0,0
4097206,4,0,0,0,0,0
4098100,3,1,0,0,0,1
4098700,0,2,0,0,0,0
4099100,0,1,1,0,0,0
4099200,19,5,1,0,0,0
4099701,1,1,0,1,0,0
4099704,1,2,0,1,0,0
4099801,12,4,0,0,0,0
4099802,10,3,1,0,0,0
4100801,5,1,0,0,0,0
4100803,28,11,0,0,0,0
4100804,3,0,0,0,0,0
4101002,3,3,0,0,0,0
4101003,7,1,0,0,0,0
4101004,11,2,2,0,0,0
4101700,1,2,0,0,0,0
4102900,0,2,0,0,0,0
4103201,25,5,1,1,0,0
4103202,7,7,0,0,0,0
4103300,1,0,0,0,0,0
4103900,1,6,0,0,0,0
4104700,0,0,1,0,0,0
4105900,2,1,1,0,0,0
4107201,5,2,0,0,0,0
4109300,0,3,0,3,0,0
4109700,1,7,0,1,0,0
4109900,3,0,0,0,0,0
4112300,0,2,0,1,0,0
4112900,1,3,0,1,0,0
4113300,0,1,0,0,0,0
4113900,0,2,0,1,0,1
4114100,0,0,1,0,0,0
4114700,0,3,0,1,0,0
4115100,0,3,0,0,0,0
4115500,0,0,0,2,0,1
4115700,3,0,0,3,0,0
4115900,0,1,0,0,0,0
4116100,1,0,0,1,0,0
4116301,2,0,2,1,0,0
4116700,1,0,0,0,0,0
4117100,0,1,0,2,0,0
4117500,1,3,0,1,0,0
4118100,0,0,0,1,0,0
4118500,1,0,0,0,0,0
4118700,0,1,0,0,0,0
4118900,1,3,0,0,0,0
4119100,0,1,0,0,0,0
4119300,1,0,0,0,0,0
4119500,0,1,1,0,0,0
4119900,0,0,0,1,0,0
4120300,1,0,0,0,0,0
4120500,0,1,0,1,0,0
4120701,0,0,0,0,0,1
4121500,3,2,3,2,0,0
4122300,0,1,1,0,0,0
4122702,10,11,0,0,0,0
4122703,2,2,0,0,0,0
4122704,4,1,0,0,0,0
4124100,0,1,0,0,0,0
4124700,0,0,0,2,0,0
4125700,2,0,2,0,0,0
4126500,6,3,0,1,0,0
4126700,3,4,1,0,0,0
4127700,10,6,0,0,0,0
4128300,0,2,1,0,0,0
4129102,3,0,0,1,0,0
4129103,0,0,1,0,0,0
4129104,0,1,0,0,0,0
4130100,5,0,0,0,0,0
4133300,3,4,0,0,0,0
4133900,0,1,0,1,0,0
4134100,1,2,0,1,0,0
4134701,14,3,0,0,0,0
4134702,0,0,0,1,0,0
4136700,7,1,0,1,0,0
4137700,0,2,0,2,0,2
4138501,4,0,1,0,0,0
4138502,6,0,0,0,0,0
4141700,2,2,0,0,0,0
4142900,0,0,0,2,0,2
4143500,3,4,0,0,0,0
4144100,0,2,0,0,0,0
4144700,1,7,0,0,0,0
4145101,1,2,0,2,0,0
4145102,1,0,0,0,0,0
4145900,0,2,0,1,0,0
4146700,1,0,0,0,0,0
4147100,4,0,0,2,0,0
4148300,2,4,0,0,0,1
4150701,0,3,0,0,0,0
4150702,1,2,0,1,0,0
4152901,2,0,1,1,0,3
4152902,0,1,0,0,0,0
4155104,2,1,0,0,0,0
4156700,1,0,0,3,0,0
4157101,1,6,1,2,0,0
4157102,0,0,0,1,0,0
4157901,0,1,0,0,0,0
4157902,1,0,0,0,0,0
4161700,3,0,0,0,0,1
4162100,1,7,0,0,0,0
5000300,42,30,3,0,1,0
5000600,1,1,0,0,0,0
5000700,10,2,0,0,0,0
5000800,3,2,0,0,0,1
5000900,9,2,1,0,0,0
5001100,10,4,1,0,0,0
5001700,4,0,1,0,0,0
5001800,2,0,0,0,0,0
5002001,4,0,0,0,0,0
5002002,2,1,0,0,0,0
5002100,24,6,4,1,0,1
5002700,7,3,1,0,0,0
5002900,33,7,4,0,0,4
5003300,3,1,0,0,0,0
5003600,2,0,2,0,0,0
5004001,1,4,0,0,0,0
5004002,2,0,0,0,0,0
5004003,10,3,0,0,0,1
5004004,4,0,0,0,0,0
5005000,0,2,0,0,0,0
5005901,1,4,0,0,0,0
5006400,5,5,1,0,0,0
5006700,0,1,0,1,0,0
5007001,1,5,0,0,0,0
5007002,1,3,0,0,0,2
5007500,7,4,1,0,0,0
5007700,9,1,0,0,0,2
5008100,6,1,0,0,1,0
5009601,1,2,0,0,0,0
5009602,1,3,0,0,0,1
5009701,0,0,1,0,0,0
5010500,8,4,2,0,0,0
5011201,2,5,1,0,0,1
5011203,6,11,0,0,0,0
5011204,1,1,0,0,0,0
5011401,2,1,0,0,0,0
5011402,0,1,0,0,0,0
5012200,3,7,0,1,0,0
5012804,3,15,1,0,0,0
5012805,0,1,0,1,0,0
5012806,3,12,1,0,0,0
5013201,0,0,0,1,0,0
5013203,0,1,0,0,0,0
5013204,1,0,0,0,0,0
5013301,9,0,0,0,0,0
5013302,7,0,5,0,0,0
5013400,3,6,2,0,0,0
5013800,2,5,0,0,0,0
5014100,1,0,0,0,0,0
5014604,4,1,1,0,0,0
5014605,0,1,0,0,0,0
5014606,2,0,0,0,0,0
5014607,1,5,0,0,0,0
5014608,2,0,1,0,0,0
5014700,0,2,0,0,0,0
5015400,3,2,2,0,0,0
5015601,0,1,0,0,0,0
5015603,1,4,0,0,0,2
5016901,2,3,0,0,0,0
5017005,2,3,0,1,0,0
5017007,0,1,0,0,0,1
5017009,8,2,0,1,0,0
5017011,0,8,0,0,0,0
5017012,0,1,0,0,0,0
5017013,0,3,0,0,0,0
5017015,0,3,0,0,0,0
5017300,3,3,0,0,0,0
5017600,0,2,0,0,0,0
5017701,1,3,0,0,0,0
5017702,2,2,0,0,0,0
5018100,0,3,0,1,0,0
5018701,4,0,0,0,0,0
5018703,2,3,0,2,0,1
5018704,1,2,0,2,0,0
5018901,2,1,0,0,0,0
5019800,4,11,0,0,0,1
5020100,8,8,0,0,0,0
5020701,7,2,0,0,0,0
5020702,9,2,2,0,0,0
5020803,0,12,1,0,0,1
5020804,1,6,1,0,0,0
5020805,0,2,0,0,0,0
5020806,0,6,0,0,0,0
5021300,8,11,1,2,0,0
5022300,14,1,0,0,0,0
5022601,0,6,1,1,0,0
5022602,17,8,2,0,0,0
5022801,0,0,1,0,0,0
5022802,0,1,0,0,0,0
5023100,14,3,0,0,0,0
5023900,11,3,0,0,0,0
5024401,7,7,3,1,0,1
5024402,11,5,0,0,0,0
5024700,5,2,0,0,0,0
5024800,5,6,2,0,0,0
5025100,2,2,1,0,0,0
5027301,1,4,0,0,0,0
5027302,0,8,0,0,0,0
5027702,23,18,0,1,1,1
5027704,1,0,0,0,0,0
5027705,0,4,0,0,0,0
5027706,1,4,0,0,0,0
5027900,1,2,0,0,0,1
5029102,2,2,0,0,0,0
5029104,5,8,4,0,0,0
5029105,1,0,1,0,0,0
5029106,1,0,0,0,0,0
5030301,5,2,0,0,1,0
5030302,9,7,1,0,0,0
5031901,19,2,0,0,0,0
5031902,20,4,1,0,0,0
5032300,2,3,0,1,0,0
